{"path": {"kpts": {"__ndarray__": [[30, 3], "float64", [0.3333333333333333, -0.6666666666666666, 0.0, 0.3390804597701149, -0.6609195402298851, 0.0, 0.3448275862068965, -0.6551724137931034, 0.0, 0.3505747126436781, -0.6494252873563218, 0.0, 0.3563218390804598, -0.6436781609195402, 0.0, 0.3620689655172414, -0.6379310344827587, 0.0, 0.367816091954023, -0.632183908045977, 0.0, 0.3735632183908046, -0.6264367816091954, 0.0, 0.3793103448275862, -0.6206896551724137, 0.0, 0.3850574712643678, -0.6149425287356322, 0.0, 0.3908045977011494, -0.6091954022988505, 0.0, 0.39655172413793105, -0.603448275862069, 0.0, 0.40229885057471265, -0.5977011494252873, 0.0, 0.40804597701149425, -0.5919540229885057, 0.0, 0.41379310344827586, -0.5862068965517242, 0.0, 0.41954022988505746, -0.5804597701149425, 0.0, 0.42528735632183906, -0.5747126436781609, 0.0, 0.43103448275862066, -0.5689655172413792, 0.0, 0.4367816091954023, -0.5632183908045977, 0.0, 0.44252873563218387, -0.557471264367816, 0.0, 0.4482758620689655, -0.5517241379310345, 0.0, 0.4540229885057471, -0.5459770114942528, 0.0, 0.45977011494252873, -0.5402298850574713, 0.0, 0.4655172413793104, -0.5344827586206897, 0.0, 0.47126436781609193, -0.5287356321839081, 0.0, 0.4770114942528736, -0.5229885057471264, 0.0, 0.48275862068965514, -0.5172413793103448, 0.0, 0.4885057471264368, -0.5114942528735633, 0.0, 0.49425287356321834, -0.5057471264367817, 0.0, 0.5, -0.5, 0.0]]}, "special_points": {"G": {"__ndarray__": [[3], "float64", [0.0, 0.0, 0.0]]}, "A": {"__ndarray__": [[3], "float64", [0.0, 0.0, 0.5]]}, "H": {"__ndarray__": [[3], "float64", [0.3333333333333333, 0.3333333333333333, 0.5]]}, "K": {"__ndarray__": [[3], "float64", [0.3333333333333333, 0.3333333333333333, 0.0]]}, "L": {"__ndarray__": [[3], "float64", [0.5, 0.0, 0.5]]}, "M": {"__ndarray__": [[3], "float64", [0.5, 0.0, 0.0]]}, "Kpt0": {"__ndarray__": [[3], "float64", [0.3333333333333333, -0.6666666666666666, 0.0]]}, "Kpt1": {"__ndarray__": [[3], "float64", [0.5, -0.5, 0.0]]}}, "labelseq": "Kpt0Kpt1", "cell": {"array": {"__ndarray__": [[3, 3], "float64", [1.66, -2.875204340564336, 0.0, 1.66, 2.875204340564336, 0.0, 0.0, 0.0, 43.338]]}, "__ase_objtype__": "cell"}, "__ase_objtype__": "bandpath"}, "energies": {"__ndarray__": [[1, 30, 26], "float64", [-64.25704801634701, -38.472592397754276, -38.445230193590646, -38.39651444398794, -15.572756890614544, -15.446613481245308, -8.3366751209199, -7.84725853077038, -7.320078941150931, -6.762672309757591, -6.305998647298783, -5.474915360911554, -3.392433274314711, -1.9600913305808452, -0.817599861392534, -0.37473360735205674, 0.9068046464594162, 3.136808851027909, 3.449116401713875, 5.5373489292659155, 6.258140012337522, 6.588788472361039, 7.229646604469728, 7.61754856158086, 7.863006517059661, 8.124973456288688, -64.2570527263813, -38.47314112745803, -38.44454061473973, -38.39653736632434, -15.573791152177296, -15.447242451262127, -8.335152351091988, -7.858861447600612, -7.306991757257061, -6.760874375278365, -6.30730007364882, -5.47242142846743, -3.3951823754876367, -1.9567725612968179, -0.8159990019257478, -0.3786412897948364, 0.9048330453380069, 3.123715239442137, 3.4691531518017578, 5.529856796920854, 6.244055396597157, 6.590022161475384, 7.225685914417787, 7.30798547748899, 7.619120441323102, 7.986723435101751, -64.25708262702436, -38.47469064586722, -38.44258700993743, -38.39660514390096, -15.57679318617458, -15.449120465665372, -8.33077397554745, -7.891110327186466, -7.271465987722982, -6.754386966567387, -6.310907091446552, -5.465308006664974, -3.403056030105344, -1.9471312778915792, -0.810927082268422, -0.3899891660630575, 0.898831528950335, 3.0883475129567177, 3.524916454293935, 5.508935718836594, 6.205870144426865, 6.5910796244216066, 7.207619874297009, 7.3069560819741834, 7.634656842630819, 7.926193310564566, -64.25712443731193, -38.47696774264539, -38.43965734294266, -38.39671309672332, -15.581579265719325, -15.452123954328236, -8.323833334948175, -7.937868134258148, -7.222193384774796, -6.74078108360921, -6.316273109226668, -5.454229271578642, -3.415336170944448, -1.9318011464584914, -0.8019971945037798, -0.4081059493306067, 0.888751028346831, 3.0403928154112263, 3.6059965911193586, 5.4773538321350665, 6.15006678637223, 6.587853190281271, 7.171973308886254, 7.309898198280347, 7.6845155822185465, 7.891627277872822, -64.25719096884457, -38.479700911649324, -38.436047580574275, -38.39685955373519, -15.587993894124232, -15.456183925281918, -8.314645466448582, -7.9933264224253495, -7.168777269655593, -6.716431621810145, -6.322769317313742, -5.4399273411296045, -3.4311935922832117, -1.9115921767620276, -0.7888598159516303, -0.43225400097241645, 0.8745889440998645, 2.9868003914324897, 3.704618531913, 5.4379518715304, 6.082171813012449, 6.577364110158103, 7.122411312501033, 7.3095385403630235, 7.665787553427202, 7.849982464160954, -64.25726482180573, -38.48268986266038, -38.431972983514214, -38.39703911987543, -15.595832772519259, -15.461169366169482, -8.303536912325994, -8.053476088097625, -7.119812879310652, -6.676927868815037, -6.329739074100641, -5.423168510348459, -3.4497492336856275, -1.8873846097896911, -0.771193092716488, -0.461636258694626, 0.8564343104443465, 2.931072843315371, 3.8164139040122893, 5.393241427002565, 6.006223907055842, 6.558591858602749, 7.0643279699422, 7.291650587039853, 7.621677400830834, 7.703696022942683, -64.25735389844607, -38.48580918376897, -38.42758278639415, -38.39724934324313, -15.604929419413603, -15.466995460631667, -8.290845420747699, -8.115819811289287, -7.081406852625596, -6.618871173980944, -6.336546942308152, -5.404709509823287, -3.4701617309632344, -1.8600936626939666, -0.7487184759472032, -0.4954631534410503, 0.8344270675875656, 2.87491698414002, 3.9387613588535757, 5.345255540685102, 5.924943571036664, 6.532164831945718, 7.001479010987035, 7.247934138989057, 7.569631186921946, 7.6497541563458205, -64.2574542006821, -38.48897655687697, -38.42297983465333, -38.3974870086007, -15.615093409987251, -15.473547855297964, -8.27691516218851, -8.178797981592481, -7.055609761145053, -6.541996867051021, -6.34260626377609, -5.385259424850093, -3.4916652515928233, -1.8305871208013968, -0.7212171928918186, -0.5329551106097987, 0.8087546323407026, 2.8192205132532155, 4.069840852857943, 5.29555727806422, 5.840128694543334, 6.49958862536439, 6.936784752760237, 7.186242199852948, 7.46178391844524, 7.865164151576048, -64.25757291569955, -38.4921417498412, -38.41823902823359, -38.39774962471463, -15.626166933099222, -15.480731153959907, -8.262089327559554, -8.241412953385181, -7.040917278912672, -6.449055488273742, -6.347400645950405, -5.365460347779916, -3.5136055398682715, -1.799685416115967, -0.6885140457747899, -0.5733648442148848, 0.7796786319325144, 2.7644778688651175, 4.20817231755104, 5.245312627613761, 5.7529436772609115, 6.462559062463261, 6.868865853620415, 7.120552802358418, 7.353790229487889, 7.366988450400484, -64.25769484071394, -38.49526649147413, -38.41341725504237, -38.39803102966673, -15.637946312578727, -15.488418216891485, -8.302987204092586, -8.246702408092455, -7.034508320468097, -6.350492451705266, -6.343800719647308, -5.345873690558364, -3.5354478100775726, -1.7681238918112294, -0.6504859364202473, -0.6159691140329865, 0.7475240314647827, 2.710987999029509, 4.352383739648575, 5.195376087868565, 5.6641988826856595, 6.422655799516866, 6.800964915179083, 7.004525706267809, 7.194120224535005, 7.242343103979158, -64.2578195820057, -38.498324474740635, -38.40856475569409, -38.39832636488916, -15.650269019757172, -15.496499814428642, -8.363044151289527, -8.23107515562565, -7.033850291879676, -6.3515273550238724, -6.229526553417802, -5.326985149536737, -3.5567906840912595, -1.7365728535532108, -0.6600863517831159, -0.6070804465449002, 0.712662534473607, 2.6589282296693972, 4.500981424486274, 5.1463592153589595, 5.574585295879602, 6.38107767266445, 6.732846800843814, 6.858123649361542, 7.045820865380568, 7.158989142871579, -64.25794814337672, -38.501297499425846, 