{"path": {"kpts": {"__ndarray__": [[30, 3], "float64", [0.3333333333333333, -0.6666666666666666, 0.0, 0.3390804597701149, -0.6609195402298851, 0.0, 0.3448275862068965, -0.6551724137931034, 0.0, 0.3505747126436781, -0.6494252873563218, 0.0, 0.3563218390804598, -0.6436781609195402, 0.0, 0.3620689655172414, -0.6379310344827587, 0.0, 0.367816091954023, -0.632183908045977, 0.0, 0.3735632183908046, -0.6264367816091954, 0.0, 0.3793103448275862, -0.6206896551724137, 0.0, 0.3850574712643678, -0.6149425287356322, 0.0, 0.3908045977011494, -0.6091954022988505, 0.0, 0.39655172413793105, -0.603448275862069, 0.0, 0.40229885057471265, -0.5977011494252873, 0.0, 0.40804597701149425, -0.5919540229885057, 0.0, 0.41379310344827586, -0.5862068965517242, 0.0, 0.41954022988505746, -0.5804597701149425, 0.0, 0.42528735632183906, -0.5747126436781609, 0.0, 0.43103448275862066, -0.5689655172413792, 0.0, 0.4367816091954023, -0.5632183908045977, 0.0, 0.44252873563218387, -0.557471264367816, 0.0, 0.4482758620689655, -0.5517241379310345, 0.0, 0.4540229885057471, -0.5459770114942528, 0.0, 0.45977011494252873, -0.5402298850574713, 0.0, 0.4655172413793104, -0.5344827586206897, 0.0, 0.47126436781609193, -0.5287356321839081, 0.0, 0.4770114942528736, -0.5229885057471264, 0.0, 0.48275862068965514, -0.5172413793103448, 0.0, 0.4885057471264368, -0.5114942528735633, 0.0, 0.49425287356321834, -0.5057471264367817, 0.0, 0.5, -0.5, 0.0]]}, "special_points": {"G": {"__ndarray__": [[3], "float64", [0.0, 0.0, 0.0]]}, "A": {"__ndarray__": [[3], "float64", [0.0, 0.0, 0.5]]}, "H": {"__ndarray__": [[3], "float64", [0.3333333333333333, 0.3333333333333333, 0.5]]}, "K": {"__ndarray__": [[3], "float64", [0.3333333333333333, 0.3333333333333333, 0.0]]}, "L": {"__ndarray__": [[3], "float64", [0.5, 0.0, 0.5]]}, "M": {"__ndarray__": [[3], "float64", [0.5, 0.0, 0.0]]}, "Kpt0": {"__ndarray__": [[3], "float64", [0.3333333333333333, -0.6666666666666666, 0.0]]}, "Kpt1": {"__ndarray__": [[3], "float64", [0.5, -0.5, 0.0]]}}, "labelseq": "Kpt0Kpt1", "cell": {"array": {"__ndarray__": [[3, 3], "float64", [1.66, -2.875204340564336, 0.0, 1.66, 2.875204340564336, 0.0, 0.0, 0.0, 43.338]]}, "__ase_objtype__": "cell"}, "__ase_objtype__": "bandpath"}, "energies": {"__ndarray__": [[1, 30, 26], "float64", [-64.25967687878527, -38.47427260868567, -38.44692102232664, -38.39798690204883, -15.574035600782532, -15.447784991173473, -8.337078144433661, -7.84777918463913, -7.320539652659887, -6.763240653624576, -6.306460352575516, -5.475440561851004, -3.393078322589557, -1.9607646809648316, -0.8185832817017467, -0.3756002752607441, 0.9059415428714819, 3.135614380687484, 3.4476655985889493, 5.535186954175673, 6.255560381810917, 6.586480791157638, 7.23250070029383, 7.645298512178773, 7.986206088655182, 8.238030212058076, -64.25968693515223, -38.47482228031493, -38.44623274219582, -38.39801006454051, -15.57507459280656, -15.448427296671342, -8.33555640777523, -7.859381553593395, -7.30745561616518, -6.761444182404358, -6.307762226580275, -5.472947061323384, -3.395829878173352, -1.9574461230726692, -0.8169837467425968, -0.3795118544273406, 0.903964400077289, 3.1225051133627963, 3.467715315854888, 5.527687649159721, 6.241494664579375, 6.587816265931785, 7.2297230849430285, 7.316008420590171, 7.649471917080691, 8.102324991928398, -64.25971621240951, -38.47637139221222, -38.44427971755674, -38.398077512987165, -15.57807880168102, -15.450299066982204, -8.331178157093486, -7.891624455510356, -7.271936977334327, -6.754956862753424, -6.311369637169588, -5.465833699195435, -3.4037028224997643, -1.9478031193317018, -0.8119124894160699, -0.3908608774763037, 0.8979614883603129, 3.0871076032487377, 3.523506989723857, 5.506749104893961, 6.2033498657458725, 6.58916700402116, 7.214731466198685, 7.3196611765706265, 7.66907223026528, 8.00826691802031, -64.25976331396289, -38.47864946390795, -38.44135108022763, -38.398186027264146, -15.582876350992992, -15.453309061935766, -8.324238710451768, -7.938377520141174, -7.222673749444842, -6.741351648230852, -6.316736064464068, -5.454754149950429, -3.4159837874977135, -1.9324761968671034, -0.8029836839708392, -0.4089812793481667, 0.8878757865680621, 3.0391261824335833, 3.6046112976312545, 5.4751438781973825, 6.147580026047275, 6.586425069905384, 7.183180296550492, 7.32867740096107, 7.7116777364248845, 7.9728125154317695, -64.25982677242715, -38.48138172429369, -38.43774115068469, -38.398332183934336, -15.589288321465489, -15.457361275892426, -8.315051227750844, -7.993829610102553, -7.16926703782066, -6.716998448666466, -6.3232323177816046, -5.440449902877477, -3.4318382104658256, -1.9122691352063867, -0.7898431801261914, -0.43312673349633457, 0.8737163548620106, 2.985515036825036, 3.703253207167659, 5.435718401645098, 6.07971182977687, 6.576608031164392, 7.137781810587128, 7.337509626474702, 7.725029916867653, 7.947523542178225, -64.25990508775207, -38.48437049908283, -38.43366806733934, -38.39851256618942, -15.597134520118237, -15.462355209386976, -8.303943467310903, -8.053975585721574, -7.120314456610318, -6.6774898970344765, -6.330202955612562, -5.423691924840999, -3.450392647121771, -1.8880694419741504, -0.7721752144201897, -0.4625109472307822, 0.8555579524785285, 2.9297701425073113, 3.8150614401913083, 5.390985318397296, 6.003774937183883, 6.558655975095273, 7.083178899695694, 7.3348024353583225, 7.713928804735112, 7.848594939177456, -64.25999667405735, -38.487488776511775, -38.42927976666769, -38.39872350545181, -15.606231787957661, -15.468184837083175, -8.291253282661645, -8.116314198754472, -7.081920818887037, -6.6194284722982735, -6.337011332109577, -5.405234676031553, -3.4708029958124884, -1.86078104004239, -0.749704568925234, -0.4963394272430141, 0.8335401918081206, 2.873600775082553, 3.9374213786546117, 5.342978573773387, 5.922500954855075, 6.533156507453466, 7.0229934710979265, 7.30726068972187, 7.699760662279584, 7.74798904222132, -64.26009995896904, -38.490656013172384, -38.42467843219216, -38.39896135623421, -15.616399501865361, -15.474744025392598, -8.27732391566727, -8.179289574621592, -7.056134290262501, -6.542548354045723, -6.343071449311204, -5.3857848816119915, -3.4923043143031043, -1.8312778040895978, -0.7222021424157163, -0.5338326917409238, 0.8078643415822592, 2.817892602839179, 4.0685058853598255, 5.293262082356457, 5.8376822266671855, 6.501564661098415, 6.959744984663358, 7.25090280151782, 7.571155496528324, 7.9699907093372255, -64.260213310412, -38.49381962353008, -38.41993869450599, -38.399222324500414, -15.627458334882297, -15.481923089626951, -8.262498142212902, -8.241901185916507, -7.041448732294681, -6.449601714511927, -6.347865889779141, -5.365983114705678, -3.514240818107887, -1.8003745797961512, -0.6894921946186062, -0.5742393758660113, 0.7787906825851982, 2.7631410877412956, 4.206844661889603, 5.243002865358544, 5.750491295906423, 6.465538129897502, 6.894002858927397, 7.164022253917282, 7.477112168752704, 7.517561175891459, -64.260335106601, -38.496943503199034, -38.415118989288956, -38.399502716631616, -15.639233487509117, -15.489613302161652, -8.303473712360727, -8.247111865923808, -7.035045753132981, -6.35095716960387, -6.344344999211882, -5.34639468827443, -3.5360807969201793, -1.7688151496799167, -0.6514589965986541, -0.6168424791574381, 0.7466345592299904, 2.709640535634034, 4.351061310720738, 5.193052727290533, 5.661735969657479, 6.4265869619701075, 6.827072221017581, 7.031868259325462, 7.278332345789152, 7.372162336527566, -64.26046369575015, -38.50000172271371, -38.41026774708765, -38.399798750668275, -15.6515547543753, -15.497706091537369, -8.363528692281399, -8.231486964195781, -7.034392409699614, -6.351992133846928, -6.230070922529689, -5.327506834210293, -3.5574209521440587, -1.7372697832944655, -0.6609598275166073, -0.6080527598396215, 0.7117626337248318, 2.65757541103412, 4.499663429526062, 5.144022093575096, 5.572112175914793, 6.385922947935392, 6.758987277134915, 6.868412500612155, 7.160736399410884, 7.280857342182726, -64.26059744873277, -38.502974619753665, 