{"path": {"kpts": {"__ndarray__": [[30, 3], "float64", [-0.3333333333333333, 0.6666666666666666, 0.0, -0.3218390804597701, 0.6609195402298851, 0.0, -0.31034482758620685, 0.6551724137931034, 0.0, -0.29885057471264365, 0.6494252873563218, 0.0, -0.28735632183908044, 0.6436781609195402, 0.0, -0.27586206896551724, 0.6379310344827587, 0.0, -0.26436781609195403, 0.632183908045977, 0.0, -0.25287356321839083, 0.6264367816091954, 0.0, -0.24137931034482757, 0.6206896551724137, 0.0, -0.22988505747126436, 0.6149425287356322, 0.0, -0.21839080459770113, 0.6091954022988505, 0.0, -0.20689655172413793, 0.603448275862069, 0.0, -0.1954022988505747, 0.5977011494252873, 0.0, -0.1839080459770115, 0.5919540229885057, 0.0, -0.1724137931034483, 0.5862068965517242, 0.0, -0.16091954022988503, 0.5804597701149425, 0.0, -0.14942528735632182, 0.5747126436781609, 0.0, -0.13793103448275862, 0.5689655172413792, 0.0, -0.1264367816091954, 0.5632183908045977, 0.0, -0.11494252873563218, 0.557471264367816, 0.0, -0.10344827586206895, 0.5517241379310345, 0.0, -0.09195402298850575, 0.5459770114942528, 0.0, -0.08045977011494254, 0.5402298850574713, 0.0, -0.06896551724137928, 0.5344827586206897, 0.0, -0.05747126436781608, 0.5287356321839081, 0.0, -0.04597701149425287, 0.5229885057471264, 0.0, -0.03448275862068967, 0.5172413793103448, 0.0, -0.022988505747126464, 0.5114942528735633, 0.0, -0.01149425287356326, 0.5057471264367817, 0.0, 0.0, 0.5, 0.0]]}, "special_points": {"G": {"__ndarray__": [[3], "float64", [0.0, 0.0, 0.0]]}, "A": {"__ndarray__": [[3], "float64", [0.0, 0.0, 0.5]]}, "H": {"__ndarray__": [[3], "float64", [0.3333333333333333, 0.3333333333333333, 0.5]]}, "K": {"__ndarray__": [[3], "float64", [0.3333333333333333, 0.3333333333333333, 0.0]]}, "L": {"__ndarray__": [[3], "float64", [0.5, 0.0, 0.5]]}, "M": {"__ndarray__": [[3], "float64", [0.5, 0.0, 0.0]]}, "Kpt0": {"__ndarray__": [[3], "float64", [-0.3333333333333333, 0.6666666666666666, 0.0]]}, "Kpt1": {"__ndarray__": [[3], "float64", [0.0, 0.5, 0.0]]}}, "labelseq": "Kpt0Kpt1", "cell": {"array": {"__ndarray__": [[3, 3], "float64", [1.593, -2.7591569364572215, 0.0, 1.593, 2.7591569364572215, 0.0, 0.0, 0.0, 43.359]]}, "__ase_objtype__": "cell"}, "__ase_objtype__": "bandpath"}, "energies": {"__ndarray__": [[1, 30, 26], "float64", [-77.64948374813854, -42.171503512466124, -42.14972652809766, -42.057313425513435, -15.685924509664266, -15.679999062083972, -9.003541878066663, -8.74379451312016, -7.896536450290986, -7.375055179217095, -6.9124531767000805, -6.248832567798929, -3.653653059145272, -1.611273698633274, -0.86794719254674, -0.13798794885082744, 1.3697049827336092, 2.3975451944288153, 3.3440961516335936, 5.454451665369899, 6.440191478734964, 7.192626120153056, 7.570950090944338, 7.696410284424936, 7.812052266502156, 8.660892525712681, -77.64949132772246, -42.172677115784644, -42.14837103200174, -42.057339012699686, -15.687218941289496, -15.680695676255361, -9.001771741246513, -8.751062794081543, -7.888055111868637, -7.373220689260702, -6.9141053293570085, -6.246084695461073, -3.6575302607525386, -1.60723906844112, -0.865967634163033, -0.13968417621529208, 1.366245877737641, 2.39392391070582, 3.3521618149368178, 5.45162080668308, 6.424747277767097, 7.18073079294697, 7.546173403492331, 7.724436611238191, 7.764023776423521, 8.4707463050709, -77.64951339728479, -42.175656600249404, -42.14486130602245, -42.05741348792927, -15.6909586243868, -15.682734200378357, -8.996659288986995, -8.772557019219311, -7.863957354132901, -7.366771779914514, -6.91861729607271, -6.238317035249533, -3.6687536515740296, -1.595245174793633, -0.8598266433283166, -0.1445336747916108, 1.355728744774422, 2.381852505328744, 3.3770805006599134, 5.4437328362009, 6.382500005243947, 7.1494923644287365, 7.490951326967433, 7.63661583008545, 7.784275315685098, 8.151907767416347, -77.64954889970419, -42.17955567331635, -42.14010779413745, -42.057533286422014, -15.696927542676965, -15.686022639954341, -8.988521464132116, -8.80649114687889, -7.8283199518563995, -7.353572618553865, -6.9251900088880936, -6.226369920518676, -3.6864896441809356, -1.5757876981102952, -0.8492450993956318, -0.15212225497045306, 1.3380359494154448, 2.36046990195421, 3.4189383256736487, 5.43166588856824, 6.320017281943417, 7.105609739233343, 7.423507950708488, 7.4928435750180675, 7.848532622060521, 7.927701648951104, -77.64959674376962, -42.183849670104074, -42.134660561769316, -42.05769467879553, -15.704906681945259, -15.690458108724139, -8.977701848855732, -8.850148523321868, -7.787229421622063, -7.3304308643405, -6.932937458963064, -6.211164109495729, -3.7096936132873, -1.549705969947763, -0.8339814671519614, -0.16199070721314376, 1.3131693931377248, 2.330113325666736, 3.4765665298460777, 5.4162262581309495, 6.243139697481241, 7.053654564079038, 7.348810764429395, 7.349416975583764, 7.901266868662833, 7.903909790043205, -77.64965578791859, -42.1882916879923, -42.12879299961772, -42.05789380436827, -15.714667666601084, -15.695934156861899, -8.964568254999062, -8.900781266826273, -7.747525208880223, -7.2934449823040115, -6.94097802634222, -6.1936099997976255, -3.7372225358076236, -1.5180556393968287, -0.8138348966983306, -0.17367504490370095, 1.2812562431958525, 2.2919385874493807, 3.54791134461642, 5.3981203087459875, 6.156425426936533, 6.993899803470761, 7.197620232209843, 7.268481293190512, 7.887206683555808, 7.938463912527788, -77.64972484615828, -42.19276077458873, -42.12265347859583, -42.05812669067835, -15.725977223743188, -15.702339294569985, -8.956063962361398, -8.949506991958096, -7.714989588206051, -7.239358552202452, -6.9484928124783085, -6.174548533006712, -3.767936207189484, -1.4819916256845325, -0.7886479577821538, -0.18673514908842848, 1.242544868841156, 2.2474560171351277, 3.6304670871134723, 5.377942451277731, 6.063313802142615, 6.9157012420768655, 7.052233936108195, 7.183310075059412, 7.851716298117097, 7.930456345290289, -77.64980273609079, -42.19719101368719, -42.11633615050921, -42.0583892834823, -15.738616161786345, -15.709556863728661, -9.014187161939503, -8.932918042992767, -7.69252056849416, -7.167296834445797, -6.954755938533786, -6.154727177416701, -3.8007783133789177, -1.4426752982251938, -0.7583112292649025, -0.20077908503164502, 1.1974004426610236, 2.198193620440179, 3.7215517716657156, 5.356171477092039, 5.966497172966979, 6.788968984368884, 6.948054820120258, 7.09383541937845, 7.7935271374809165, 7.868791320237365, -77.64988822882307, -42.201542185679834, -42.10991005614176, -42.058677463572955, -15.752355482868373, -15.717470681993339, -9.073785900955778, -8.91520742951605, -7.679899431793533, -7.07905721454525, -6.959147607769495, -6.134786240599251, -3.8348244676499585, -1.4012065114667847, -0.7227667381483271, -0.21547890406508854, 1.1462945808962028, 2.1455332367875317, 3.8183683626336635, 5.333174332221956, 5.868318459961709, 6.622471824035317, 6.8796827152785065, 7.000567506096461, 7.722073940435168, 7.763348004704568, -77.64998008711325, -42.20578713080175, -42.103431621734934, -42.058987075063754, -15.766979012857634, -15.725957689799703, -9.133834931009723, -8.896779542810599, -7.675260490679681, -6.977752198804612, -6.961153532974456, -6.115266865164652, -3.869312407445756, -1.3585805713013148, -0.6820106791775784, -0.23058365376442713, 1.0897974454779171, 2.090662277418738, 3.9178832026278467, 5.30920589383377, 5.771154067633904, 6.442931144625584, 6.822819407538517, 6.9041506136252275, 7.650311471700478, 7.653120502070164, -77.6500770844608, -42.20990586188775, -42.09695038807441, -42.05931395429999, -15.782275392919704, -15.734899955235347, -9.193553265578197, -8.87802745666398, -7.676531655748615, -6.96036565940248, -6.8664612533880875, -6.096620309706117, -3.9036508054220995, -1.3156624113505782, -0.6360999473460639, -0.24592673253387914, 1.0285614375930463, 2.03458508189952, 4.016556608253889, 5.284396253303529, 5.677831353092614, 6.259176520945394, 6.770528650084425, 6.805496751299762, 7.569405405422875, 7.584013921360333, -77.6501779953916, 