{"path": {"kpts": {"__ndarray__": [[30, 3], "float64", [0.3333333333333333, -0.6666666666666666, 0.0, 0.3390804597701149, -0.6609195402298851, 0.0, 0.3448275862068965, -0.6551724137931034, 0.0, 0.3505747126436781, -0.6494252873563218, 0.0, 0.3563218390804598, -0.6436781609195402, 0.0, 0.3620689655172414, -0.6379310344827587, 0.0, 0.367816091954023, -0.632183908045977, 0.0, 0.3735632183908046, -0.6264367816091954, 0.0, 0.3793103448275862, -0.6206896551724137, 0.0, 0.3850574712643678, -0.6149425287356322, 0.0, 0.3908045977011494, -0.6091954022988505, 0.0, 0.39655172413793105, -0.603448275862069, 0.0, 0.40229885057471265, -0.5977011494252873, 0.0, 0.40804597701149425, -0.5919540229885057, 0.0, 0.41379310344827586, -0.5862068965517242, 0.0, 0.41954022988505746, -0.5804597701149425, 0.0, 0.42528735632183906, -0.5747126436781609, 0.0, 0.43103448275862066, -0.5689655172413792, 0.0, 0.4367816091954023, -0.5632183908045977, 0.0, 0.44252873563218387, -0.557471264367816, 0.0, 0.4482758620689655, -0.5517241379310345, 0.0, 0.4540229885057471, -0.5459770114942528, 0.0, 0.45977011494252873, -0.5402298850574713, 0.0, 0.4655172413793104, -0.5344827586206897, 0.0, 0.47126436781609193, -0.5287356321839081, 0.0, 0.4770114942528736, -0.5229885057471264, 0.0, 0.48275862068965514, -0.5172413793103448, 0.0, 0.4885057471264368, -0.5114942528735633, 0.0, 0.49425287356321834, -0.5057471264367817, 0.0, 0.5, -0.5, 0.0]]}, "special_points": {"G": {"__ndarray__": [[3], "float64", [0.0, 0.0, 0.0]]}, "A": {"__ndarray__": [[3], "float64", [0.0, 0.0, 0.5]]}, "H": {"__ndarray__": [[3], "float64", [0.3333333333333333, 0.3333333333333333, 0.5]]}, "K": {"__ndarray__": [[3], "float64", [0.3333333333333333, 0.3333333333333333, 0.0]]}, "L": {"__ndarray__": [[3], "float64", [0.5, 0.0, 0.5]]}, "M": {"__ndarray__": [[3], "float64", [0.5, 0.0, 0.0]]}, "Kpt0": {"__ndarray__": [[3], "float64", [0.3333333333333333, -0.6666666666666666, 0.0]]}, "Kpt1": {"__ndarray__": [[3], "float64", [0.5, -0.5, 0.0]]}}, "labelseq": "Kpt0Kpt1", "cell": {"array": {"__ndarray__": [[3, 3], "float64", [1.6595, -2.8743383151605517, 0.0, 1.6595, 2.8743383151605517, 0.0, 0.0, 0.0, 43.146]]}, "__ase_objtype__": "cell"}, "__ase_objtype__": "bandpath"}, "energies": {"__ndarray__": [[1, 30, 26], "float64", [-76.97511002241448, -41.61426779056219, -41.58439556994792, -41.455193164141235, -16.052677225572545, -15.749885572508232, -8.870177238477869, -8.651654402880345, -7.79057444734255, -7.142499102481255, -6.4583481806654355, -5.308745129739872, -3.3273946467632696, -1.999474274049268, 0.07719467066889439, 0.5018508126606478, 1.9450627059243473, 3.1346547141287826, 3.1903605031205653, 5.614494214019121, 6.4440726808777065, 6.964190182003938, 7.418866323317804, 7.566344078197074, 7.943958996801302, 8.167894557893066, -76.97511375708332, -41.61471796260873, -41.58381167063762, -41.45521328553581, -16.05387159917046, -15.75044550897531, -8.86819113782432, -8.659496371009185, -7.781225148739001, -7.140831420017222, -6.459979287025144, -5.3064640834216386, -3.3324093380428708, -1.992413558490006, 0.07860467158175236, 0.4955396987869094, 1.9421243801822619, 3.081815104838648, 3.2509421923392505, 5.610147048902833, 6.427721317095216, 6.953637033882286, 7.3896709038153565, 7.412328717899152, 7.602533494183306, 8.042918407229553, -76.97512614021716, -41.61601261669142, -41.58212735329567, -41.455275329434166, -16.05732175200488, -15.75209346869566, -8.862364324919506, -8.682491820162259, -7.7545848658017205, -7.1349679850158365, -6.464706568086659, -5.299903186934435, -3.3467043842850868, -1.9720361686322174, 0.0831703688779647, 0.4774769662706253, 1.9330566825939044, 3.0089019614609747, 3.3461742434004207, 5.598346944446767, 6.384274150242822, 6.92467284032535, 7.3275669009879625, 7.427727747823004, 7.665095830885406, 7.876627193503581, -76.97514809305173, -41.617969955927975, -41.57954637231494, -41.45537620087638, -16.062847648644897, -15.754761585539248, -8.852910183061306, -8.71846511496724, -7.714702854385794, -7.123093387650201, -6.472190939120299, -5.289571089056363, -3.3687513515073007, -1.9399978533328193, 0.09136524795743887, 0.4491335435302662, 1.9176123748089668, 2.9349091544339254, 3.455552203257593, 5.5809188736354916, 6.321941546259292, 6.883058434647932, 7.255615329054479, 7.455789073797191, 7.647034286786954, 7.693624231082584, -76.97517643205802, -41.620373566233454, -41.57629856674223, -41.45551184064901, -16.070227738055063, -15.758364200449984, -8.84006494291531, -8.764349721857146, -7.667345963271498, -7.102586798546371, -6.481999854437899, -5.2760710848616155, -3.3967420178520675, -1.8982906561113488, 0.10361806151744488, 0.4120733578109878, 1.8956972835198203, 2.8608791950243657, 3.5764458921544637, 5.559502265034663, 6.2470969341111235, 6.833925005036192, 7.179765161311151, 7.424925178031501, 7.668986126975638, 7.830342896426599, -76.97521106679054, -41.62305310920455, -41.57257656763165, -41.45567757459108, -16.07926912599115, -15.7628137040913, -8.824087318259334, -8.817168347767245, -7.6189328429041225, -7.070122020388957, -6.493645671018281, -5.26005809088047, -3.4288746837564243, -1.8489557606674165, 0.12030863421327949, 0.3678327806505684, 1.8673712681323555, 2.7869546702278427, 3.707156342511941, 5.535453040634595, 6.16403664220594, 6.780923605052648, 7.101984494448569, 7.382398216081357, 7.462715576197297, 7.651888597280553, -76.9752521077577, -41.62588693997857, -41.56852110381886, -41.45587320719932, -16.08975991228455, -15.768030213119099, -8.874467531043818, -8.805257805186157, -7.575394982004383, -7.022355723826719, -6.5066192858977745, -5.242205793303498, -3.4635405780901443, -1.7939007502484, 0.1417664720436787, 0.31784703677716886, 1.8328539438395621, 2.7131351874938194, 3.8462255865707324, 5.509813950817947, 6.075498104165433, 6.726231806837559, 7.023011377597945, 7.324385914208227, 7.362957078850655, 7.541630881388898, -76.97529941903709, -41.6287940564112, -41.564236665175365, -41.45609394262952, -16.101499734606715, -15.773926487993986, -8.934377569656972, -8.783876741064718, -7.540812961673277, -6.957239865320447, -6.5204183428918014, -5.223165558142884, -3.499408657436914, -1.7348102200715292, 0.16826766983548289, 0.26341826470983304, 1.792518714166823, 2.639383248634072, 3.9923582284908035, 5.48333129172016, 5.983192843373418, 6.671207857233748, 6.943285728852399, 7.243735484969015, 7.284300085512567, 7.443401836717961, -76.97535001317401, -41.63171687530128, -41.55979732476948, -41.45633566362486, -16.114278371789812, -15.780387888486523, -8.995506438350626, -8.760262976836703, -7.516527197207062, -6.875007000207522, -6.534564163529722, -5.203551545925622, -3.5354419772759473, -1.673129832793365, 0.2000266554557646, 0.2057046452549156, 1.746875957080722, 2.565657083806266, 4.144389577115341, 5.456488825361725, 5.888184819679569, 6.616671423285908, 6.862980360425591, 7.1480068989814045, 7.198329630755933, 7.34184356292386, -76.97540445308918, -41.63461786073986, -41.55526434100703, -41.456595586827, -16.127894699962848, -15.787335173162715, -9.056825006653852, -8.73475288381273, -7.501605681489272, -6.7778218524493745, -6.548618063472723, -5.18392344571138, -3.5708769063472183, -1.6100887001167816, 0.14573284025147545, 0.23718858079511723, 1.6965468032972653, 2.4919163392828083, 4.301252350873123, 5.4295484625861015, 5.791147659143758, 6.563083172279016, 6.7822403797055655, 7.032808241843031, 7.107567642377536, 7.209006793853309, -76.97546104880206, -41.63746869454516, -41.55068686680093, -41.45686886951339, -16.142159959206417, -15.794653036604617, -9.117558230401016, -8.707696412165099, -7.494122981258419, -6.668612620192145, -6.562186607120364, -5.1647720857573605, -3.6051919283319274, -1.546731765952478, 0.08441277778279407, 0.27982409756259763, 1.6422702347664206, 2.4181272707611843, 4.461925291524106, 5.40258391252487, 5.692550889635327, 6.510573761861642, 6.7011886583154165, 6.892707410749499, 7.059764422988293, 7.108890465566387, -76.9755215613955, -41.64024772315305, 