{"path": {"kpts": {"__ndarray__": [[30, 3], "float64", [0.3333333333333333, -0.6666666666666666, 0.0, 0.3390804597701149, -0.6609195402298851, 0.0, 0.3448275862068965, -0.6551724137931034, 0.0, 0.3505747126436781, -0.6494252873563218, 0.0, 0.3563218390804598, -0.6436781609195402, 0.0, 0.3620689655172414, -0.6379310344827587, 0.0, 0.367816091954023, -0.632183908045977, 0.0, 0.3735632183908046, -0.6264367816091954, 0.0, 0.3793103448275862, -0.6206896551724137, 0.0, 0.3850574712643678, -0.6149425287356322, 0.0, 0.3908045977011494, -0.6091954022988505, 0.0, 0.39655172413793105, -0.603448275862069, 0.0, 0.40229885057471265, -0.5977011494252873, 0.0, 0.40804597701149425, -0.5919540229885057, 0.0, 0.41379310344827586, -0.5862068965517242, 0.0, 0.41954022988505746, -0.5804597701149425, 0.0, 0.42528735632183906, -0.5747126436781609, 0.0, 0.43103448275862066, -0.5689655172413792, 0.0, 0.4367816091954023, -0.5632183908045977, 0.0, 0.44252873563218387, -0.557471264367816, 0.0, 0.4482758620689655, -0.5517241379310345, 0.0, 0.4540229885057471, -0.5459770114942528, 0.0, 0.45977011494252873, -0.5402298850574713, 0.0, 0.4655172413793104, -0.5344827586206897, 0.0, 0.47126436781609193, -0.5287356321839081, 0.0, 0.4770114942528736, -0.5229885057471264, 0.0, 0.48275862068965514, -0.5172413793103448, 0.0, 0.4885057471264368, -0.5114942528735633, 0.0, 0.49425287356321834, -0.5057471264367817, 0.0, 0.5, -0.5, 0.0]]}, "special_points": {"G": {"__ndarray__": [[3], "float64", [0.0, 0.0, 0.0]]}, "A": {"__ndarray__": [[3], "float64", [0.0, 0.0, 0.5]]}, "H": {"__ndarray__": [[3], "float64", [0.3333333333333333, 0.3333333333333333, 0.5]]}, "K": {"__ndarray__": [[3], "float64", [0.3333333333333333, 0.3333333333333333, 0.0]]}, "L": {"__ndarray__": [[3], "float64", [0.5, 0.0, 0.5]]}, "M": {"__ndarray__": [[3], "float64", [0.5, 0.0, 0.0]]}, "Kpt0": {"__ndarray__": [[3], "float64", [0.3333333333333333, -0.6666666666666666, 0.0]]}, "Kpt1": {"__ndarray__": [[3], "float64", [0.5, -0.5, 0.0]]}}, "labelseq": "Kpt0Kpt1", "cell": {"array": {"__ndarray__": [[3, 3], "float64", [1.592, -2.7574248856496526, 0.0, 1.592, 2.7574248856496526, 0.0, 0.0, 0.0, 43.127]]}, "__ase_objtype__": "cell"}, "__ase_objtype__": "bandpath"}, "energies": {"__ndarray__": [[1, 30, 26], "float64", [-64.92997582232864, -39.20759572320625, -39.166564374185135, -39.05082062031464, -15.987775968413201, -15.886760649387307, -9.386672314477265, -8.587185370387584, -8.088266791376299, -7.571276331178298, -6.903933383468592, -6.168376059714872, -4.060834081469233, -2.3992027461860257, -0.9966275216476551, -0.5425241132305376, 0.7720283239662181, 3.1571710451885124, 3.561582229277264, 5.5386294192760115, 6.35487358072208, 7.0769240270933516, 7.5675096404341105, 7.600151936459694, 7.999857828226767, 8.703597674027927, -64.92999423556459, -39.20847618474142, -39.165469950885345, -39.05085479771665, -15.988876081515444, -15.887362292812305, -9.384593010383995, -8.599718121234744, -8.076201028018554, -7.567864747355012, -6.906889061195217, -6.164992993639331, -4.064195073698358, -2.3949601867070753, -0.9951622934265476, -0.5464912772656212, 0.7696996363099349, 3.1486809657368204, 3.5760482723355334, 5.533606363145795, 6.3449790051712665, 7.068589751846533, 7.551257330699469, 7.599421124795857, 7.9857514340582725, 8.564442752684974, -64.93005258400748, -39.21094475018666, -39.162376861724475, -39.05095660953968, -15.992061283172205, -15.889136973105387, -9.378478662541928, -8.633984345937433, -8.045165338986976, -7.555884629625791, -6.915347239249988, -6.155375504096051, -4.0738099790307984, -2.3826289680261556, -0.9904984711238369, -0.5580080735902888, 0.7625533116190654, 3.12341391364702, 3.6188568786624167, 5.5194861586230655, 6.3168057122748005, 7.045476613574294, 7.4946503976409256, 7.595301079629814, 7.954754046500612, 8.612059213946878, -64.93014135734086, -39.21454967290754, -39.1577621773936, -39.051120793015514, -15.997146606263835, -15.891994809128882, -9.368528970212186, -8.682994261629139, -8.005625928861587, -7.531996577620693, -6.928470707696302, -6.140537314502143, -4.0887893948861045, -2.3630133584574753, -0.9822465863219751, -0.5764123656096515, 0.750453158638219, 3.0853481436484858, 3.6853857998866095, 5.497863005635804, 6.273113550046037, 7.00899808004131, 7.391684503985544, 7.583213869618759, 7.8794947652096345, 7.914696187074518, -64.93025206794307, -39.21884776495501, -39.152098336451914, -39.05134081178111, -16.00394979730024, -15.895830790661718, -9.354969891389066, -8.740649195355923, -7.967487811966757, -7.492558899517649, -6.945257803808093, -6.12165794028166, -4.108090895791255, -2.3371208984334295, -0.9700578129860514, -0.6009714651971052, 0.7333418379144232, 3.0393902680655236, 3.7699976572883838, 5.470383268065736, 6.21684322909657, 6.9613569199761685, 7.269776803871685, 7.557749200644392, 7.851906700214108, 7.867945976170127, -64.93038962715065, -39.22352956269314, -39.145728814513866, -39.05161197944195, -16.012278774138544, -15.90058846740824, -9.338052522181666, -8.802946609817296, -7.937271765049324, -7.435250734621547, -6.964687965956326, -6.099927059508361, -4.130630084732459, -2.3060740127460817, -0.9536403236304617, -0.630930170298149, 0.7112510497549265, 2.989050915358561, 3.8683790050157416, 5.438602664982695, 6.150672379177383, 6.899918966232634, 7.14099527609789, 7.5153495141796265, 7.817918549378403, 7.855453108717583, -64.93055516263496, -39.228399481352625, -39.13888236223126, -39.051930274438625, -16.021963770590315, -15.906166593090946, -9.31805476544116, -8.867446149558496, -7.917263049873161, -7.360437875620629, -6.985814094974083, -6.076448323187243, -4.15536033899747, -2.271013480477604, -0.9327504563973278, -0.6655009887707329, 0.6842816544056054, 2.936479257569609, 3.977552536094199, 5.403886491311761, 6.076809759700808, 6.81538497746046, 7.019690253213931, 7.456000198187959, 7.760371283774486, 7.857287908702446, -64.9307350941787, -39.233334755454145, -39.131711041089666, -39.05228860733187, -16.032787292192033, -15.912458692774207, -9.29527158570621, -8.932642984890508, -7.906561733146835, -7.270747192280555, -7.0078062207950955, -6.0521891432287225, -4.181334949275596, -2.233043834712836, -0.9071764124110732, -0.7039225803145158, 0.6526765842733636, 2.8829928560742832, 4.095360821966008, 5.3673994021283775, 5.996985067567434, 6.697175108752697, 6.923424159483105, 7.38277896168726, 7.688712752379682, 7.832110390428312, -64.93093624823179, -39.238257047309105, -39.124331517632214, -39.052681830260056, -16.04459063544517, -15.919375883356505, -9.270027688145651, -8.997562583320946, -7.903056228489974, -7.16949916564232, -7.029965686392692, -6.027966614137291, -4.207753849097984, -2.1931818490340227, -0.8767864121824384, -0.7454416911548386, 0.616731198382507, 2.829390198089287, 4.220084409210286, 5.3300578356206705, 5.912494557527684, 6.5502109553520445, 6.850571462095572, 7.294468629843473, 7.604173312744946, 7.771981760030314, -64.9311470812766, -39.24311196558579, -39.11682965716204, -39.05310342242686, -16.05716132689371, -15.926811345551087, -9.24266222375833, -9.061539593426444, -7.904710451371065, -7.059645151835214, -7.051708769711074, -6.004456141127917, -4.233963632715131, -2.1523602310393954, -0.8414994103412431, -0.7893404528483959, 0.5768348342298274, 2.7762173239661, 4.350188705852876, 5.292592005552857, 5.824365492202078, 6.387654697051922, 6.7898628191890396, 7.192435005378353, 7.515583084225813, 7.682872006313866, -64.93136932074056, -39.247861047635666, -39.109279944195876, -39.05354891850468, -16.070328057958257, -15.934669455384137, -9.213537674933766, -9.124092569375621, -7.909974463790962, -7.072559807761935, -6.943480838369215, -5.982201766944978, -4.259469005965063, -2.111422528644977, -0.8349285282236204, -0.8013174504016118, 0.5334375820869178, 2.7238361597148963, 4.4841226657851845, 5.255529640658569, 5.733510247482611, 6.2175422462860634, 6.735116990860315, 7.07860817861925, 7.430142334475866, 7.589391747772936, -64.93160191727988, 