{"path": {"kpts": {"__ndarray__": [[30, 3], "float64", [0.3333333333333333, -0.6666666666666666, 0.0, 0.3390804597701149, -0.6609195402298851, 0.0, 0.3448275862068965, -0.6551724137931034, 0.0, 0.3505747126436781, -0.6494252873563218, 0.0, 0.3563218390804598, -0.6436781609195402, 0.0, 0.3620689655172414, -0.6379310344827587, 0.0, 0.367816091954023, -0.632183908045977, 0.0, 0.3735632183908046, -0.6264367816091954, 0.0, 0.3793103448275862, -0.6206896551724137, 0.0, 0.3850574712643678, -0.6149425287356322, 0.0, 0.3908045977011494, -0.6091954022988505, 0.0, 0.39655172413793105, -0.603448275862069, 0.0, 0.40229885057471265, -0.5977011494252873, 0.0, 0.40804597701149425, -0.5919540229885057, 0.0, 0.41379310344827586, -0.5862068965517242, 0.0, 0.41954022988505746, -0.5804597701149425, 0.0, 0.42528735632183906, -0.5747126436781609, 0.0, 0.43103448275862066, -0.5689655172413792, 0.0, 0.4367816091954023, -0.5632183908045977, 0.0, 0.44252873563218387, -0.557471264367816, 0.0, 0.4482758620689655, -0.5517241379310345, 0.0, 0.4540229885057471, -0.5459770114942528, 0.0, 0.45977011494252873, -0.5402298850574713, 0.0, 0.4655172413793104, -0.5344827586206897, 0.0, 0.47126436781609193, -0.5287356321839081, 0.0, 0.4770114942528736, -0.5229885057471264, 0.0, 0.48275862068965514, -0.5172413793103448, 0.0, 0.4885057471264368, -0.5114942528735633, 0.0, 0.49425287356321834, -0.5057471264367817, 0.0, 0.5, -0.5, 0.0]]}, "special_points": {"G": {"__ndarray__": [[3], "float64", [0.0, 0.0, 0.0]]}, "A": {"__ndarray__": [[3], "float64", [0.0, 0.0, 0.5]]}, "H": {"__ndarray__": [[3], "float64", [0.3333333333333333, 0.3333333333333333, 0.5]]}, "K": {"__ndarray__": [[3], "float64", [0.3333333333333333, 0.3333333333333333, 0.0]]}, "L": {"__ndarray__": [[3], "float64", [0.5, 0.0, 0.5]]}, "M": {"__ndarray__": [[3], "float64", [0.5, 0.0, 0.0]]}, "Kpt0": {"__ndarray__": [[3], "float64", [0.3333333333333333, -0.6666666666666666, 0.0]]}, "Kpt1": {"__ndarray__": [[3], "float64", [0.5, -0.5, 0.0]]}}, "labelseq": "Kpt0Kpt1", "cell": {"array": {"__ndarray__": [[3, 3], "float64", [1.592, -2.7574248856496526, 0.0, 1.592, 2.7574248856496526, 0.0, 0.0, 0.0, 43.127]]}, "__ase_objtype__": "cell"}, "__ase_objtype__": "bandpath"}, "energies": {"__ndarray__": [[1, 30, 26], "float64", [-64.92382172170925, -39.201751005176206, -39.160703787290075, -39.04582159622913, -15.984535845238653, -15.883582760905878, -9.383470516895018, -8.5842530235867, -8.085217290725284, -7.568215091038651, -6.901116904915563, -6.165401936687971, -4.056604367186179, -2.3951679711998493, -0.9931274533618835, -0.5381411585463778, 0.7760512754389539, 3.1600428131066214, 3.56394343387814, 5.540275645295376, 6.35685190662508, 7.078009770178725, 7.570385288669144, 7.601527439731463, 8.00098290500594, 8.705328202537517, -64.9238401386439, -39.202631545730824, -39.15960923449861, -39.04585578129371, -15.985636083902191, -15.88418448329849, -9.381391407147657, -8.596783113925271, -8.07315188522695, -7.56480554490077, -6.9040703179984435, -6.162020582412752, -4.0599677848183156, -2.390923712844763, -0.9916616723404635, -0.5421078672046679, 0.7737209648946335, 3.1515369622192644, 3.5784256458613637, 5.535252689284764, 6.346944357156263, 7.069669932090486, 7.55409160057638, 7.600769928801829, 7.986896091368395, 8.569135340524815, -64.92389849840198, -39.20510039030915, -39.156515717832015, -39.04595761700878, -15.988821648961498, -15.885959392103551, -9.375277700617444, -8.631043478426403, -8.042114520469768, -7.552832184069403, -6.912521914419093, -6.152407929949878, -4.069589893611806, -2.3785873863129336, -0.9869962346862401, -0.5536231671647761, 0.7665696832302041, 3.1262313535917996, 3.6212739799384046, 5.521133798417456, 6.318738049381539, 7.046524271595618, 7.497300235112269, 7.596559896915044, 7.956052720278485, 8.59805995034499, -64.92398728851069, -39.20870583037972, -39.151900273513014, -39.04612183918364, -15.99390754845883, -15.888817594874919, -9.365329189261553, -8.680047180999686, -8.002568007019196, -7.528956172421993, -6.925635041628873, -6.13757701594708, -4.084580985560301, -2.358963459411103, -0.9787417361561138, -0.5720247310641405, 0.7544611609086683, 3.0881225333711244, 3.6878478409388156, 5.499514206883541, 6.2750020683008705, 7.010016407252817, 7.393940597482419, 7.584301984128807, 7.879023175112329, 7.916284468753732, -64.92409801998123, -39.21300465112723, -39.146235372996124, -39.04634190924151, -16.000711504969107, -15.892654065169932, -9.351771928912866, -8.737696701284072, -7.964417189859791, -7.489534844712174, -6.942408719597958, -6.118706538021763, -4.103898154121663, -2.3330598720120936, -0.9665494142984091, -0.59657971231829, 0.7373380403340517, 3.0421271497309714, 3.7724997624503893, 5.47204075677802, 6.218684906751997, 6.962408054417733, 7.271806685013174, 7.558606835109781, 7.852387567891008, 7.869955307376595, -64.92423560526187, -39.217687332394696, -39.139864558300545, -39.04661314007842, -16.00904141085898, -15.897412337090598, -9.33485711760066, -8.799989586695405, -7.934185834148621, -7.432244270397614, -6.96182300556164, -6.096985417814407, -4.12645645051634, -2.301999529484657, -0.9501275046914867, -0.6265328136463276, 0.7152320747885527, 2.9917576595556685, 3.8709144446446673, 5.440269246905677, 6.15246957765674, 6.901127577688093, 7.142735916194495, 7.5159852063685655, 7.820349626950854, 7.856088387113239, -64.92440117239948, -39.222558234559656, -39.13301664232858, -39.04693150968506, -16.018727472128667, -15.902991151207596, -9.314862762629584, -8.864485269706188, -7.914162869682523, -7.357446782922197, -6.982931263003787, -6.073516709318002, -4.15120872236688, -2.266923674796185, -0.9292324049947882, -0.661096516504047, 0.6882442442124755, 2.9391622420626367, 3.9801156026120696, 5.405564830176455, 6.0785680886023785, 6.816994853074217, 7.021022283915104, 7.456516668652011, 7.7630966698161625, 7.8578534036183605, -64.92458113788256, -39.22749455112765, -39.12584373287386, -39.04728992617424, -16.029552171890668, -15.909284018394645, -9.292083933802873, -8.929678706250987, -7.90345025196022, -7.267767572354538, -7.004903818992351, -6.049267400642303, -4.177207797361593, -2.2289372268964844, -0.903652368113646, -0.6995095464559354, 0.656617677760302, 2.8856571118891514, 4.09794726357329, 5.369091945808975, 5.998711899230515, 6.699223260934348, 6.924259240882635, 7.383316692613608, 7.691462644045671, 7.832409142934181, -64.9247823300543, -39.23241791512317, -39.118462536977006, -39.047683240967515, -16.04135678524723, -15.916202036776973, -9.26684543896826, -8.994595205694358, -7.899936440565315, -7.166527217006658, -7.0270421776898795, -6.02505431030759, -4.203653240293525, -2.1890572293547197, -0.8732556560506658, -0.7410187954700772, 0.6206479864801373, 2.83203967359276, 4.222691266149274, 5.331766881146104, 5.914198123452773, 6.552494540926902, 6.851134278035611, 7.295182462424406, 7.6066731797707225, 7.771916084099517, -64.9249932029994, -39.23727391412139, -39.110958946780215, -39.048104931244545, -16.053928815813922, -15.92363837543385, -9.239486525924658, -9.058569314546194, -7.901584683787261, -7.056677825513572, -7.048762685241395, -6.001552679377813, -4.229891368224331, -2.1482165306903513, -0.8379612523058898, -0.7849066431516073, 0.5807248119942243, 2.778855184129682, 4.352814142232651, 5.294319866777824, 5.8260542749595094, 6.390030455469924, 6.790300577497173, 7.1934392977979025, 7.517687072206925, 7.68258647412832, -64.92521548459747, -39.2420240707988, -39.103407470728236, -39.048550531127766, -16.067096934435323, -15.93149739680668, -9.210369762788382, -9.121119525379706, -7.90684436167861, -7.069589690058098, -6.940515804033761, -5.97930646801685, -4.255426688639884, -2.107258683753962, -0.8304830966719342, -0.7977712129113986, 0.5372985895764066, 2.726465023191987, 4.486765910901827, 5.257278983333096, 5.735192497434555, 6.219954214904733, 6.73548672925898, 7.079906028660424, 7.431729317894454, 7.589041044758211, -64.92544812533357, -39.246637044110926, 