{"path": {"kpts": {"__ndarray__": [[30, 3], "float64", [-0.3333333333333333, 0.6666666666666666, 0.0, -0.3218390804597701, 0.6609195402298851, 0.0, -0.31034482758620685, 0.6551724137931034, 0.0, -0.29885057471264365, 0.6494252873563218, 0.0, -0.28735632183908044, 0.6436781609195402, 0.0, -0.27586206896551724, 0.6379310344827587, 0.0, -0.26436781609195403, 0.632183908045977, 0.0, -0.25287356321839083, 0.6264367816091954, 0.0, -0.24137931034482757, 0.6206896551724137, 0.0, -0.22988505747126436, 0.6149425287356322, 0.0, -0.21839080459770113, 0.6091954022988505, 0.0, -0.20689655172413793, 0.603448275862069, 0.0, -0.1954022988505747, 0.5977011494252873, 0.0, -0.1839080459770115, 0.5919540229885057, 0.0, -0.1724137931034483, 0.5862068965517242, 0.0, -0.16091954022988503, 0.5804597701149425, 0.0, -0.14942528735632182, 0.5747126436781609, 0.0, -0.13793103448275862, 0.5689655172413792, 0.0, -0.1264367816091954, 0.5632183908045977, 0.0, -0.11494252873563218, 0.557471264367816, 0.0, -0.10344827586206895, 0.5517241379310345, 0.0, -0.09195402298850575, 0.5459770114942528, 0.0, -0.08045977011494254, 0.5402298850574713, 0.0, -0.06896551724137928, 0.5344827586206897, 0.0, -0.05747126436781608, 0.5287356321839081, 0.0, -0.04597701149425287, 0.5229885057471264, 0.0, -0.03448275862068967, 0.5172413793103448, 0.0, -0.022988505747126464, 0.5114942528735633, 0.0, -0.01149425287356326, 0.5057471264367817, 0.0, 0.0, 0.5, 0.0]]}, "special_points": {"G": {"__ndarray__": [[3], "float64", [0.0, 0.0, 0.0]]}, "A": {"__ndarray__": [[3], "float64", [0.0, 0.0, 0.5]]}, "H": {"__ndarray__": [[3], "float64", [0.3333333333333333, 0.3333333333333333, 0.5]]}, "K": {"__ndarray__": [[3], "float64", [0.3333333333333333, 0.3333333333333333, 0.0]]}, "L": {"__ndarray__": [[3], "float64", [0.5, 0.0, 0.5]]}, "M": {"__ndarray__": [[3], "float64", [0.5, 0.0, 0.0]]}, "Kpt0": {"__ndarray__": [[3], "float64", [-0.3333333333333333, 0.6666666666666666, 0.0]]}, "Kpt1": {"__ndarray__": [[3], "float64", [0.0, 0.5, 0.0]]}}, "labelseq": "Kpt0Kpt1", "cell": {"array": {"__ndarray__": [[3, 3], "float64", [1.593, -2.7591569364572215, 0.0, 1.593, 2.7591569364572215, 0.0, 0.0, 0.0, 43.359]]}, "__ase_objtype__": "cell"}, "__ase_objtype__": "bandpath"}, "energies": {"__ndarray__": [[1, 30, 26], "float64", [-77.65070170328373, -42.172953223687394, -42.15117707349455, -42.05869287086714, -15.682638323828547, -15.676663733016703, -9.00498877847355, -8.745170690262594, -7.897897501734965, -7.375766422086393, -6.913838400683496, -6.2496760116530465, -3.6551782106763686, -1.6128221152437117, -0.8690954791824859, -0.13934491315033118, 1.368999663684953, 2.3968868524591374, 3.343459454244748, 5.454633801916583, 6.440585390029624, 7.19305461322608, 7.571319908331829, 7.696161121646908, 7.811657778396454, 8.660577340292674, -77.65070813985494, -42.17412522764173, -42.149821565894975, -42.05871684065382, -15.683920236227017, -15.677364025406309, -9.003217942799417, -8.752438259350528, -7.889414707602902, -7.373935173949765, -6.915489534736887, -6.246929568930395, -3.6590541454889114, -1.6087873048606016, -0.8671129046742294, -0.14104172686090205, 1.3655448388022613, 2.393269089629565, 3.351527117412475, 5.451811100716937, 6.425149168376706, 7.181145287629701, 7.546424430993496, 7.724160531893738, 7.763210724587968, 8.439704313216529, -77.65073192829517, -42.17710585118707, -42.146313846748605, -42.05879239252958, -15.687673384509967, -15.679413842776986, -8.998103764600804, -8.773930654891371, -7.865312161498783, -7.367495292798559, -6.919998876751327, -6.239170428941414, -3.670277014411465, -1.5967942558681703, -0.8609728514748138, -0.1458933498635445, 1.35502669756009, 2.381196662318486, 3.376446392917518, 5.4439218432882255, 6.382920324765719, 7.149886283629472, 7.491065230609452, 7.636063333468776, 7.783702476809442, 8.146759071807, -77.65076810851997, -42.18100451660845, -42.14156185391201, -42.058912667483234, -15.693652379563765, -15.682707506842199, -8.989962318631656, -8.807859823985032, -7.8296632367786945, -7.354311545710239, -6.926567325274206, -6.227232919128482, -3.688012107306131, -1.5773377700126874, -0.8503930427734896, -0.15348241557304737, 1.3373344272074927, 2.3598145303836695, 3.4183014907226044, 5.431855886012842, 6.320462115492089, 7.105976406504251, 7.423518650134675, 7.492858521963099, 7.847170348339535, 7.927563713194381, -77.65081770562443, -42.18529980466952, -42.13611654672569, -42.05907530738248, -15.70163415939397, -15.687167770999686, -8.97913800966371, -8.851511192080162, -7.788549195037272, -7.33119732324732, -6.934311232159906, -6.212040771053916, -3.711214922459359, -1.5512566705671407, -0.8351312786399827, -0.16335445707309068, 1.3124653568944844, 2.3294511476642485, 3.4759255847922943, 5.41641797642638, 6.24361326386506, 7.053963880812758, 7.34874322838379, 7.349125317762718, 7.893437734258631, 7.901477600279471, -77.65087879315139, -42.18974347172024, -42.130251308627756, -42.05927542207645, -15.711407569383637, -15.692660686831424, -8.965997911176634, -8.902136069939141, -7.748805103203858, -7.294256802357552, -6.942348643187513, -6.194500375665333, -3.7387425819618683, -1.5196067333760765, -0.8149873939062257, -0.17504328645003125, 1.2805564581335904, 2.2912704866813414, 3.547265241593205, 5.398311753161959, 6.15692311767715, 6.9941068869505365, 7.197413821822163, 7.268359071950245, 7.871168581992904, 7.9316276323359105, -77.65094768434935, -42.1942133419333, -42.12411130759555, -42.05950729104311, -15.722729843626908, -15.699063632780026, -8.957410281951484, -8.95092843506602, -7.716216648496496, -7.240230290250297, -6.949860744065161, -6.1754516162275666, -3.7694548161838433, -1.4835426034709325, -0.7898021171360333, -0.18810634906028023, 1.241851653073023, 2.2467849105268756, 3.629821744845546, 5.378137732925547, 6.063836026826033, 6.91565383896312, 7.052259410176766, 7.183163243241971, 7.826231912971364, 7.915677871464114, -77.65102292721438, -42.19864224710929, -42.117791257556476, -42.05976700903858, -15.735367628365038, -15.706265598445018, -9.015523750751042, -8.934329248057393, -7.693690806355676, -7.168231489364968, -6.9561213196221665, -6.155639571475622, -3.8022946391532755, -1.4442249100582567, -0.7594658941159212, -0.20215254287455636, 1.1967168576904055, 2.1975225321125333, 3.7209136460976366, 5.3563735030572825, 5.96704781586028, 6.788634001091313, 6.948312273199912, 7.093695829477012, 7.759888576467773, 7.844346065359019, -77.65110889056074, -42.202992160238146, -42.11136619558763, -42.0600566374098, -15.749121868907924, -15.71418014278542, -9.075113530826398, -8.91660716510971, -7.681020036416143, -7.080051533983606, -6.9605122037063305, -6.135710623041541, -3.836338757011341, -1.4027562296563472, -0.7239247132844517, -0.21685825084107932, 1.1456167740317593, 2.1448565457036284, 3.8177266200171656, 5.333382452811429, 5.868896616188796, 6.622075469557928, 6.8799419050511785, 7.000461527347225, 7.682808215074926, 7.735211498365776, -77.65120034563418, -42.20723868542745, -42.10488582840267, -42.0603654561435, -15.763751236377582, -15.722670323502168, -9.135153080697002, -8.898167112084849, -7.676343139014508, -6.978795235825285, -6.962520044644694, -6.116203943416599, -3.870824197950664, -1.3601298378948519, -0.6831726991101469, -0.23196797846137335, 1.089126192002712, 2.0899814141229984, 3.917242287914076, 5.309423881516321, 5.771755256612956, 6.442536066934714, 6.823021282736722, 6.904098274624643, 7.611293781441874, 7.633101103717221, -77.65129486494261, -42.21135691537171, -42.09839918661147, -42.060691899443, -15.779040486230777, -15.731610022167184, -9.194861900828853, -8.8794010943628, -7.677581254345302, -6.961736912613173, -6.867542784989747, -6.097568423471653, -3.9051599118471, -1.3172105326100965, -0.6372649609078821, -0.2473166032116787, 1.0279006531168917, 2.0338977486968917, 4.015930050380627, 5.284626591525964, 5.678458220022714, 6.258786667306281, 6.770659819714795, 6.8055056642678435, 7.539936384031697, 7.554462111835552, -77.65139849904591, 