{"path": {"kpts": {"__ndarray__": [[30, 3], "float64", [0.3333333333333333, -0.6666666666666666, 0.0, 0.3390804597701149, -0.6609195402298851, 0.0, 0.3448275862068965, -0.6551724137931034, 0.0, 0.3505747126436781, -0.6494252873563218, 0.0, 0.3563218390804598, -0.6436781609195402, 0.0, 0.3620689655172414, -0.6379310344827587, 0.0, 0.367816091954023, -0.632183908045977, 0.0, 0.3735632183908046, -0.6264367816091954, 0.0, 0.3793103448275862, -0.6206896551724137, 0.0, 0.3850574712643678, -0.6149425287356322, 0.0, 0.3908045977011494, -0.6091954022988505, 0.0, 0.39655172413793105, -0.603448275862069, 0.0, 0.40229885057471265, -0.5977011494252873, 0.0, 0.40804597701149425, -0.5919540229885057, 0.0, 0.41379310344827586, -0.5862068965517242, 0.0, 0.41954022988505746, -0.5804597701149425, 0.0, 0.42528735632183906, -0.5747126436781609, 0.0, 0.43103448275862066, -0.5689655172413792, 0.0, 0.4367816091954023, -0.5632183908045977, 0.0, 0.44252873563218387, -0.557471264367816, 0.0, 0.4482758620689655, -0.5517241379310345, 0.0, 0.4540229885057471, -0.5459770114942528, 0.0, 0.45977011494252873, -0.5402298850574713, 0.0, 0.4655172413793104, -0.5344827586206897, 0.0, 0.47126436781609193, -0.5287356321839081, 0.0, 0.4770114942528736, -0.5229885057471264, 0.0, 0.48275862068965514, -0.5172413793103448, 0.0, 0.4885057471264368, -0.5114942528735633, 0.0, 0.49425287356321834, -0.5057471264367817, 0.0, 0.5, -0.5, 0.0]]}, "special_points": {"G": {"__ndarray__": [[3], "float64", [0.0, 0.0, 0.0]]}, "A": {"__ndarray__": [[3], "float64", [0.0, 0.0, 0.5]]}, "H": {"__ndarray__": [[3], "float64", [0.3333333333333333, 0.3333333333333333, 0.5]]}, "K": {"__ndarray__": [[3], "float64", [0.3333333333333333, 0.3333333333333333, 0.0]]}, "L": {"__ndarray__": [[3], "float64", [0.5, 0.0, 0.5]]}, "M": {"__ndarray__": [[3], "float64", [0.5, 0.0, 0.0]]}, "Kpt0": {"__ndarray__": [[3], "float64", [0.3333333333333333, -0.6666666666666666, 0.0]]}, "Kpt1": {"__ndarray__": [[3], "float64", [0.5, -0.5, 0.0]]}}, "labelseq": "Kpt0Kpt1", "cell": {"array": {"__ndarray__": [[3, 3], "float64", [1.6595, -2.8743383151605517, 0.0, 1.6595, 2.8743383151605517, 0.0, 0.0, 0.0, 43.146]]}, "__ase_objtype__": "cell"}, "__ase_objtype__": "bandpath"}, "energies": {"__ndarray__": [[1, 30, 26], "float64", [-76.9750315715932, -41.614207057558495, -41.58433508208892, -41.455096257860525, -16.052591867286797, -15.749801306047582, -8.870090466396206, -8.651559653368707, -7.790496977568505, -7.142439579785305, -6.458264698302955, -5.308684496228182, -3.3273293870866847, -1.999385428368041, 0.07725931131002803, 0.5019122753401981, 1.9451472363433286, 3.1347107801069676, 3.1904125804770347, 5.6145218665097385, 6.444094752996822, 6.964194250028355, 7.418863477925993, 7.566345560316684, 7.943927072290488, 8.167908250479679, -76.97503530627239, -41.61465723260062, -41.583751179951314, -41.455116379254605, -16.053786239253814, -15.750361245003651, -8.868104370742543, -8.65940183418583, -7.7811475365610905, -7.140771824146505, -6.459895823856279, -5.30640342250215, -3.332343968076189, -1.9923248275254402, 0.0786693384157528, 0.49560115695585855, 1.9422088602742174, 3.0818698960720043, 3.2509955656586107, 5.610174634443706, 6.427743011943166, 6.953640325777309, 7.38966784045041, 7.412319013757093, 7.602535345583728, 8.042909310543111, -76.97504768942991, -41.61595189409663, -41.5820668556654, -41.45517842314242, -16.057236387158518, -15.752009211707861, -8.862277574134772, -8.682397862704521, -7.754506918445924, -7.134908135956724, -6.464623154960088, -5.2998424501196935, -3.346638707848457, -1.971947757570511, 0.08323511232169359, 0.47753841467299707, 1.9331410136078857, 3.008956505221112, 3.3462279291136836, 5.598374367219769, 6.384295059669797, 6.924674291122926, 7.327563220544143, 7.427718929690556, 7.665097419380939, 7.876611066897023, -76.97506964227719, -41.617909241979376, -41.57948586681018, -41.45527929456796, -16.062762275865758, -15.754677339557059, -8.852823461975136, -8.71837195803681, -7.714624610571927, -7.123033019234788, -6.472107593233376, -5.289510239743013, -3.368685225283418, -1.9399099149839585, 0.09143011591176613, 0.44919498348956977, 1.917696462440045, 2.934963676590127, 3.455606020054417, 5.580946078921907, 6.321961659735359, 6.883057826571883, 7.255611089154852, 7.455783895140791, 7.647040461074127, 7.6936809306151295, -76.97509798130423, -41.62031285992564, -41.57623805463478, -41.455414934317396, -16.07014235460818, -15.758279969107683, -8.839978267066119, -8.764257441642231, -7.6672677400410985, -7.102525511195516, -6.481916577680316, -5.27601009986916, -3.396675357264405, -1.898203285349872, 0.10368309977451208, 0.4121347973267428, 1.8957810399288735, 2.8609337713795697, 3.576499809100766, 5.559529218450255, 6.2471164336197775, 6.83392242827504, 7.17976028595378, 7.424921271065189, 7.668523016052476, 7.830312372893303, -76.97513261608283, -41.62299240875437, -41.572516050953816, -41.455580668236436, -16.079183729410087, -15.762729490473252, -8.824000705364492, -8.81707692658498, -7.618855191379673, -7.070059274440045, -6.493562450131854, -5.25999696009747, -3.428807454268112, -1.8488690034578288, 0.12037388691909004, 0.3678942339475037, 1.86745461342127, 2.7870093450296087, 3.7072103609631397, 5.535479712007855, 6.1640557721161375, 6.780919373820126, 7.101979829047064, 7.382393694105343, 7.462572993821925, 7.651846477696939, -76.97517365709531, -41.62582624362519, -41.56846058453738, -41.455776300816424, -16.089674500284826, -15.767946019921775, -8.874376906947402, -8.805171275109206, -7.575318527954027, -7.022290949341187, -6.50653609396361, -5.242144518147954, -3.463472780585062, -1.7938146186830044, 0.141831982290671, 0.3179085236001333, 1.8329368073311796, 2.7131899956052865, 3.84627971874491, 5.509840303964083, 6.075517114682917, 6.726226194907997, 7.023006526901463, 7.324388179812787, 7.362944416721099, 7.541653225448954, -76.97522096840922, -41.62873336269731, -41.56417614496792, -41.45599703621039, -16.10141430525949, -15.773842317364823, -8.934287667062357, -8.783790315772224, -7.5407381497738655, -6.957172687488286, -6.520335141562271, -5.223104149314204, -3.4993403140865813, -1.7347247069839542, 0.16833348030460496, 0.26347980984901004, 1.7926010349706538, 2.639438221873671, 3.9924124922970132, 5.48335727912055, 5.983211973060184, 6.671201087704628, 6.943281199495135, 7.243741948896568, 7.2842748598504805, 7.4433754694068, -76.97527156259879, -41.631656183069786, -41.559736804952834, -41.45623875716323, -16.11419292346058, -15.780303742258935, -8.995417182759544, -8.760176680265763, -7.5164541238121885, -6.874937391975064, -6.534480905528017, -5.2034900210536765, -3.5353731206914554, -1.6730449232198599, 0.20009280916703429, 0.20576627831218292, 1.7469576837907543, 2.565712253070371, 4.144443995306235, 5.456514386501758, 5.888204290116293, 6.616663681059314, 6.862976470732628, 7.148023997506415, 7.198311359162833, 7.341826925533422, -76.97532600256805, -41.634557169122544, -41.55520382259763, -41.456498680317345, -16.127809231269993, -15.787251052625237, -9.056736330357783, -8.734666741646668, -7.501534154950172, -6.777750068683624, -6.548534695019858, -5.183861826950845, -3.570807572311296, -1.6100043793583811, 0.1457945958821261, 0.23725512217795255, 1.6966278928133114, 2.491971735177145, 4.30130695238043, 5.429573524855448, 5.791167671666516, 6.5630746223800225, 6.7822373734681705, 7.032846941430421, 7.107565791719655, 7.209022916743772, -76.97538259835271, -41.637408002892315, -41.550626350562005, -41.45677196296234, -16.14207446913687, -15.794568942695111, -9.117470073800293, -8.70761045150797, -7.494052692104743, -6.668539026334535, -6.562103070100768, -5.1647103981042015, -3.6051221514411096, -1.5466480250593755, 0.08447469637433501, 0.27989107391282914, 1.6423506504264627, 2.4181829235494394, 4.461980115091316, 5.402608393800611, 5.692571618512695, 6.510564614768015, 6.701186726845385, 6.892762679294721, 7.059764018886137, 7.108890245851924, -76.97544311100008, -41.64018703098251, 