{"path": {"kpts": {"__ndarray__": [[30, 3], "float64", [-0.3333333333333333, 0.6666666666666666, 0.0, -0.3218390804597701, 0.6609195402298851, 0.0, -0.31034482758620685, 0.6551724137931034, 0.0, -0.29885057471264365, 0.6494252873563218, 0.0, -0.28735632183908044, 0.6436781609195402, 0.0, -0.27586206896551724, 0.6379310344827587, 0.0, -0.26436781609195403, 0.632183908045977, 0.0, -0.25287356321839083, 0.6264367816091954, 0.0, -0.24137931034482757, 0.6206896551724137, 0.0, -0.22988505747126436, 0.6149425287356322, 0.0, -0.21839080459770113, 0.6091954022988505, 0.0, -0.20689655172413793, 0.603448275862069, 0.0, -0.1954022988505747, 0.5977011494252873, 0.0, -0.1839080459770115, 0.5919540229885057, 0.0, -0.1724137931034483, 0.5862068965517242, 0.0, -0.16091954022988503, 0.5804597701149425, 0.0, -0.14942528735632182, 0.5747126436781609, 0.0, -0.13793103448275862, 0.5689655172413792, 0.0, -0.1264367816091954, 0.5632183908045977, 0.0, -0.11494252873563218, 0.557471264367816, 0.0, -0.10344827586206895, 0.5517241379310345, 0.0, -0.09195402298850575, 0.5459770114942528, 0.0, -0.08045977011494254, 0.5402298850574713, 0.0, -0.06896551724137928, 0.5344827586206897, 0.0, -0.05747126436781608, 0.5287356321839081, 0.0, -0.04597701149425287, 0.5229885057471264, 0.0, -0.03448275862068967, 0.5172413793103448, 0.0, -0.022988505747126464, 0.5114942528735633, 0.0, -0.01149425287356326, 0.5057471264367817, 0.0, 0.0, 0.5, 0.0]]}, "special_points": {"G": {"__ndarray__": [[3], "float64", [0.0, 0.0, 0.0]]}, "A": {"__ndarray__": [[3], "float64", [0.0, 0.0, 0.5]]}, "H": {"__ndarray__": [[3], "float64", [0.3333333333333333, 0.3333333333333333, 0.5]]}, "K": {"__ndarray__": [[3], "float64", [0.3333333333333333, 0.3333333333333333, 0.0]]}, "L": {"__ndarray__": [[3], "float64", [0.5, 0.0, 0.5]]}, "M": {"__ndarray__": [[3], "float64", [0.5, 0.0, 0.0]]}, "Kpt0": {"__ndarray__": [[3], "float64", [-0.3333333333333333, 0.6666666666666666, 0.0]]}, "Kpt1": {"__ndarray__": [[3], "float64", [0.0, 0.5, 0.0]]}}, "labelseq": "Kpt0Kpt1", "cell": {"array": {"__ndarray__": [[3, 3], "float64", [1.593, -2.7591569364572215, 0.0, 1.593, 2.7591569364572215, 0.0, 0.0, 0.0, 43.359]]}, "__ase_objtype__": "cell"}, "__ase_objtype__": "bandpath"}, "energies": {"__ndarray__": [[1, 30, 26], "float64", [-77.65082825718576, -42.173058873481075, -42.151282757399684, -42.05881634816078, -15.682713027724436, -15.676738973733755, -9.005057669878946, -8.745241628677993, -7.897958875988062, -7.3758291184391105, -6.913906824670644, -6.2497425886870275, -3.655244302375927, -1.61290553302705, -0.8691682281966447, -0.13941833049805613, 1.3689132853716266, 2.3968303985901587, 3.343404595262103, 5.454596734696637, 6.440542342997516, 7.193031912435885, 7.571291091859048, 7.69613947193074, 7.811597188121801, 8.660508780215508, -77.6508346936995, -42.17423086752621, -42.14992726061076, -42.058840317771434, -15.683994936867247, -15.67743926357072, -9.003286833145221, -8.752509070071854, -7.889476219300754, -7.373997863195922, -6.915557968234769, -6.246996143674713, -3.6591202469686985, -1.60887070870007, -0.8671856665845532, -0.14111516517166078, 1.3654585027026285, 2.3932126371561044, 3.351472247750341, 5.451774046000207, 6.42510648155384, 7.181122905928474, 7.546398070777109, 7.724135840596675, 7.7631556180358565, 8.439539507977349, -77.65085848204413, -42.17721146879155, -42.14641956640456, -42.05891586915109, -15.687748076490998, -15.679489073818205, -8.998172650595427, -8.774001113697627, -7.865374051619829, -7.36755796422743, -6.920067341616037, -6.239236995440038, -3.6703431422053834, -1.5968776237583855, -0.8610456516138533, -0.14596685027872788, 1.35494048993535, 2.3811402230479115, 3.376391481606072, 5.443884811497062, 6.382878465127977, 7.149864636892342, 7.491041787775967, 7.6360215270198335, 7.783673434016644, 8.14683846129608, -77.65089466208687, -42.181110108544736, -42.14166760351553, -42.05903614330788, -15.693727057724637, -15.682782726507053, -8.99003119515024, -8.807929789539957, -7.829725651616045, -7.354374200535619, -6.926635846985418, -6.227299469854896, -3.688078272342061, -1.5774210875773376, -0.8504659059661172, -0.1535560195888447, 1.3372484354730048, 2.359758123623074, 3.418246497989982, 5.431818871976572, 6.320421222301904, 7.105955365476793, 7.423497117745328, 7.49281710769589, 7.847137787233461, 7.927559323101231, -77.65094425895714, -42.185405370680414, -42.136222328044056, -42.0591987821351, -15.701708819290472, -15.687242975446196, -8.979206869708019, -8.851580610320559, -7.788612166058328, -7.331259990572955, -6.9343798388308375, -6.212107297969332, -3.711281129722282, -1.5513399291300582, -0.8352042290774345, -0.16342820782802706, 1.3123796671053347, 2.329394792427254, 3.4758704695146987, 5.416380968109218, 6.243573279691296, 7.05394255045327, 7.3487228690745, 7.349081171788974, 7.893423007601, 7.901442072514032, -77.65100534619609, -42.189849012295454, -42.13035712255829, -42.059398895508416, -15.71148220713238, -15.692735872602686, -8.966066745906181, -8.902204946321856, -7.748868557438458, -7.2943195563679835, -6.9424173646806455, -6.19456687104673, -3.73880883105995, -1.5196899274979823, -0.8150604551803471, -0.17511722925642215, 1.2804711526669892, 2.2912141964242894, 3.547209965853757, 5.398274739111731, 6.156883898324121, 6.994082627484831, 7.197370343594558, 7.268339296051096, 7.871155474370443, 7.93159568992171, -77.6510742370206, -42.19431885774164, -42.12421715471219, -42.05963076293102, -15.722804455946013, -15.699138796781776, -8.957478651879143, -8.950997233909375, -7.716280443046269, -7.240293245224875, -6.949929611207293, -6.175518073321908, -3.7695211026659843, -1.483625728405409, -0.7898753121413948, -0.1881805311854304, 1.241766808491369, 2.2467286913976645, 3.6297662744721877, 5.378100707882391, 6.063797403201554, 6.91561750216952, 7.052227059339001, 7.183143539388344, 7.826219534934663, 7.915647336139586, -77.65114947942654, -42.19874773887686, -42.11789713823339, -42.05989047918361, -15.735442212490442, -15.706340737952843, -9.015591660082613, -8.934397998900293, -7.693754789782034, -7.168294757596822, -6.956190363631507, -6.155705984827438, -3.802360956063108, -1.4443079594847303, -0.759539245135756, -0.20222701281063796, 1.1966325428302738, 2.19746638302834, 3.7208579498056653, 5.356336472039973, 5.967009621998531, 6.788580732157043, 6.948296396695358, 7.093675756476301, 7.759888961782572, 7.844342455745652, -77.65123544231629, -42.203097628726276, -42.11147211003028, -42.06018010564037, -15.749196422641296, -15.714255255640644, -9.07518102599899, -8.916675854622389, -7.681084100014206, -7.080115184388512, -6.960581455720176, -6.135776988729516, -3.836405096377047, -1.4028391940287173, -0.7239982420449463, -0.2169330569764254, 1.1455330487379665, 2.1448004593780654, 3.817670668838229, 5.333345433880636, 5.868858699769627, 6.622017093940295, 6.87993085332185, 7.000440723920639, 7.68281112827906, 7.735119579080744, -77.65132689688885, -42.20734413144361, -42.1049917766382, -42.0604889223218, -15.763825758008181, -15.72274540809945, -9.135220204590544, -8.898235726148748, -7.676407224949964, -6.978859289792379, -6.962589535254749, -6.116270258817846, -3.8708905520228294, -1.360212703574607, -0.6832464267250045, -0.23204316735842068, 1.0890431061321673, 2.0899253776315456, 3.9171860578643525, 5.309386907897523, 5.771717479478325, 6.442476232201486, 6.823011577336345, 6.904076490943627, 7.611297197705387, 7.632994504284729, -77.65142141563501, -42.21146233973269, -42.09850516847249, -42.0608153634538, -15.77911497426288, -15.731685077162973, -9.194928691550425, -8.879469618546365, -7.677645338503675, -6.961806671404465, -6.867607234495717, -6.097634687153241, -3.905226273985451, -1.3172932818523269, -0.6373389080090159, -0.2473922174013376, 1.0278182461132988, 2.033841743716609, 4.015873531172688, 5.284589713218886, 5.678420451073281, 6.258726051190023, 6.770650854352081, 6.805482785060955, 7.539943571482728, 7.554452306897067, -77.6515250492309, -42.215440555129476, 