{"path": {"kpts": {"__ndarray__": [[30, 3], "float64", [0.3333333333333333, -0.6666666666666666, 0.0, 0.3390804597701149, -0.6609195402298851, 0.0, 0.3448275862068965, -0.6551724137931034, 0.0, 0.3505747126436781, -0.6494252873563218, 0.0, 0.3563218390804598, -0.6436781609195402, 0.0, 0.3620689655172414, -0.6379310344827587, 0.0, 0.367816091954023, -0.632183908045977, 0.0, 0.3735632183908046, -0.6264367816091954, 0.0, 0.3793103448275862, -0.6206896551724137, 0.0, 0.3850574712643678, -0.6149425287356322, 0.0, 0.3908045977011494, -0.6091954022988505, 0.0, 0.39655172413793105, -0.603448275862069, 0.0, 0.40229885057471265, -0.5977011494252873, 0.0, 0.40804597701149425, -0.5919540229885057, 0.0, 0.41379310344827586, -0.5862068965517242, 0.0, 0.41954022988505746, -0.5804597701149425, 0.0, 0.42528735632183906, -0.5747126436781609, 0.0, 0.43103448275862066, -0.5689655172413792, 0.0, 0.4367816091954023, -0.5632183908045977, 0.0, 0.44252873563218387, -0.557471264367816, 0.0, 0.4482758620689655, -0.5517241379310345, 0.0, 0.4540229885057471, -0.5459770114942528, 0.0, 0.45977011494252873, -0.5402298850574713, 0.0, 0.4655172413793104, -0.5344827586206897, 0.0, 0.47126436781609193, -0.5287356321839081, 0.0, 0.4770114942528736, -0.5229885057471264, 0.0, 0.48275862068965514, -0.5172413793103448, 0.0, 0.4885057471264368, -0.5114942528735633, 0.0, 0.49425287356321834, -0.5057471264367817, 0.0, 0.5, -0.5, 0.0]]}, "special_points": {"G": {"__ndarray__": [[3], "float64", [0.0, 0.0, 0.0]]}, "A": {"__ndarray__": [[3], "float64", [0.0, 0.0, 0.5]]}, "H": {"__ndarray__": [[3], "float64", [0.3333333333333333, 0.3333333333333333, 0.5]]}, "K": {"__ndarray__": [[3], "float64", [0.3333333333333333, 0.3333333333333333, 0.0]]}, "L": {"__ndarray__": [[3], "float64", [0.5, 0.0, 0.5]]}, "M": {"__ndarray__": [[3], "float64", [0.5, 0.0, 0.0]]}, "Kpt0": {"__ndarray__": [[3], "float64", [0.3333333333333333, -0.6666666666666666, 0.0]]}, "Kpt1": {"__ndarray__": [[3], "float64", [0.5, -0.5, 0.0]]}}, "labelseq": "Kpt0Kpt1", "cell": {"array": {"__ndarray__": [[3, 3], "float64", [1.6595, -2.8743383151605517, 0.0, 1.6595, 2.8743383151605517, 0.0, 0.0, 0.0, 43.146]]}, "__ase_objtype__": "cell"}, "__ase_objtype__": "bandpath"}, "energies": {"__ndarray__": [[1, 30, 26], "float64", [-76.97525980038358, -41.61418621543823, -41.58431945033254, -41.45516435258283, -16.05325943270468, -15.75050720419852, -8.870038587241256, -8.651574002918215, -7.790531017918274, -7.142578542987205, -6.458272940200032, -5.3087150603432525, -3.3272475898544895, -1.999373718810015, 0.0767860927159782, 0.5019192832897609, 1.9449872471004765, 3.1338735130893918, 3.18957865736387, 5.612593762546736, 6.44096580719943, 6.961897497522308, 7.422696378501178, 7.57683374965327, 8.052316394070903, 8.281022937614416, -76.97526437686709, -41.61463688663445, -41.58373570617694, -41.455185856967, -16.054453427144086, -15.75107265021172, -8.868052862235182, -8.65941516751481, -7.781181570693218, -7.140911837594669, -6.459903905896566, -5.3064354141045404, -3.3322632317436107, -1.9923125415099912, 0.07819629317622774, 0.4956068631362252, 1.9420442926772283, 3.0810319928820817, 3.2501604620340316, 5.608236525308587, 6.424628417341065, 6.951538681882662, 7.395581610211746, 7.414906468886378, 7.613593559394867, 8.163857417436232, -76.97527769622336, -41.61593200046385, -41.58205277336443, -41.455248446599136, -16.057909020770115, -15.75272467779839, -8.862226350475863, -8.682410879312345, -7.754543300119977, -7.135048422628352, -6.464630964667861, -5.299874440088184, -3.3465606727370694, -1.9719329447694005, 0.08276288965577937, 0.47754208679975246, 1.9329736294261968, 3.0081176516815638, 3.3453935102109247, 5.596410271564568, 6.381203550038796, 6.922981004296082, 7.335787991041722, 7.434958575494341, 7.6916754948427455, 7.9960656003079915, -76.9752991241472, -41.61788833739897, -41.57947172363714, -41.455349123224586, -16.063429981226207, -15.75539147419697, -8.852772563977712, -8.718383473250334, -7.714664067647841, -7.123171139340809, -6.4721143785738615, -5.289542508521961, -3.3686107875099323, -1.9398907712304203, 0.09095945930371135, 0.4491962759030671, 1.9175236358924657, 2.9341244949198093, 3.4547731549707645, 5.578946894402948, 6.318888755660648, 6.881816881369771, 7.265451016037471, 7.465093977880269, 7.73565645143775, 7.79623179496723, -76.9753280063812, -41.62029256004329, -41.5762246035956, -41.45548477210547, -16.070815949784517, -15.758995249984075, -8.839928050198584, -8.764268553840145, -7.667313294975028, -7.102661176123786, -6.481922256023836, -5.276043053509826, -3.3966055393498213, -1.8981786369939244, 0.10321323218358902, 0.41213298075550076, 1.8955979621792718, 2.8600939180539795, 3.5756693779380218, 5.557489113357672, 6.244053251098286, 6.833186496430229, 7.190812103042402, 7.453942043593257, 7.693539497425487, 7.977117126075555, -76.97536363185935, -41.62297209098899, -41.5725035042751, -41.45565213113258, -16.079858119306394, -15.763452097751545, -8.823951437271184, -8.817086930082501, -7.618907494000304, -7.070190492351073, -6.49356677833808, -5.260031916288327, -3.428743019887948, -1.8488390917913693, 0.11990586651961199, 0.36788986889316627, 1.8672601297728997, 2.786168801166167, 3.7063801817469137, 5.533396641153742, 6.160997807119271, 6.780679244309073, 7.1138243560006735, 7.425084222772281, 7.60536210954199, 7.78119238288135, -76.9754053048634, -41.62580574240203, -41.56844980928298, -41.455847864110446, -16.090351348552293, -15.76867234023918, -8.874385975334384, -8.805122875957817, -7.575379995258568, -7.022416103904816, -6.506538808126768, -5.242179390930352, -3.4634141118569874, -1.7937786589095428, 0.1413673606209089, 0.31790313027842154, 1.8327315503818908, 2.712349197751044, 3.845451568226327, 5.507714020208543, 6.072462203019621, 6.726491930269392, 7.035294876922931, 7.366895530563217, 7.473978236579873, 7.652758571679652, -76.97545231621442, -41.62871180091936, -41.56416596178793, -41.45606856784239, -16.102089239920858, -15.774566336290913, -8.934294814485265, -8.78374302104871, -7.540809569387555, -6.957291536340091, -6.52033532054439, -5.223139752822108, -3.499287618024938, -1.7346821531419558, 0.16787169133320298, 0.2634737436613968, 1.7923823814491162, 2.6385966140443546, 3.9915843186163484, 5.481187252578588, 5.980160794825154, 6.671974812413619, 6.955623898353627, 7.284750853440808, 7.39858768431606, 7.560189497553507, -76.97550391549397, -41.631634734722354, -41.55972862588629, -41.456310783559836, -16.114866691422133, -15.781038674327464, -8.995423705452271, -8.760131075461256, -7.516535453541839, -6.875048677532112, -6.534478785994854, -5.203527080980021, -3.5353262319069625, -1.672995949380988, 0.1996329676693528, 0.20576089364530156, 1.7467202425175454, 2.564869562400667, 4.143614415068876, 5.454300363651288, 5.885161522879325, 6.617946005206245, 6.875030143821232, 7.178436884216118, 7.2965868276357195, 7.419142459191773, -76.97555936322397, -41.634535701622134, -41.555198112778626, -41.456571017722666, -16.12848359777029, -15.787994043644106, -9.056742027164844, -8.73462307230627, -7.501624193174777, -6.777855199835659, -6.548529976142355, -5.183900183550464, -3.5707669636516113, -1.6099491875759562, 0.1457902471230976, 0.23679810694371542, 1.6963733697836427, 2.491126424849426, 4.300474351201792, 5.4273156362454555, 5.788138643362892, 6.56486181925872, 6.7936801301686955, 7.048859546773805, 7.220030574971277, 7.307456350168751, -76.97561790850641, -41.63738647842375, -41.55062424491234, -41.456845771155926, -16.142744374876404, -15.795335323803672, -9.117475263903726, -8.707569407023433, -7.494149248268062, -6.668637890200985, -6.562095777167228, -5.164751971017388, -3.605087346417686, -1.5465875695222018, 0.08447302438218054, 0.2794358869348713, 1.6420755060887358, 2.417336891000936, 4.461142629136397, 5.400306937024404, 5.68956515328481, 6.512840650911577, 6.711779332404804, 6.898588259728738, 7.16527706020237, 7.219674716501694, -76.97567880726683, -41.64016574493581, 