{"path": {"kpts": {"__ndarray__": [[30, 3], "float64", [0.3333333333333333, -0.6666666666666666, 0.0, 0.3390804597701149, -0.6609195402298851, 0.0, 0.3448275862068965, -0.6551724137931034, 0.0, 0.3505747126436781, -0.6494252873563218, 0.0, 0.3563218390804598, -0.6436781609195402, 0.0, 0.3620689655172414, -0.6379310344827587, 0.0, 0.367816091954023, -0.632183908045977, 0.0, 0.3735632183908046, -0.6264367816091954, 0.0, 0.3793103448275862, -0.6206896551724137, 0.0, 0.3850574712643678, -0.6149425287356322, 0.0, 0.3908045977011494, -0.6091954022988505, 0.0, 0.39655172413793105, -0.603448275862069, 0.0, 0.40229885057471265, -0.5977011494252873, 0.0, 0.40804597701149425, -0.5919540229885057, 0.0, 0.41379310344827586, -0.5862068965517242, 0.0, 0.41954022988505746, -0.5804597701149425, 0.0, 0.42528735632183906, -0.5747126436781609, 0.0, 0.43103448275862066, -0.5689655172413792, 0.0, 0.4367816091954023, -0.5632183908045977, 0.0, 0.44252873563218387, -0.557471264367816, 0.0, 0.4482758620689655, -0.5517241379310345, 0.0, 0.4540229885057471, -0.5459770114942528, 0.0, 0.45977011494252873, -0.5402298850574713, 0.0, 0.4655172413793104, -0.5344827586206897, 0.0, 0.47126436781609193, -0.5287356321839081, 0.0, 0.4770114942528736, -0.5229885057471264, 0.0, 0.48275862068965514, -0.5172413793103448, 0.0, 0.4885057471264368, -0.5114942528735633, 0.0, 0.49425287356321834, -0.5057471264367817, 0.0, 0.5, -0.5, 0.0]]}, "special_points": {"G": {"__ndarray__": [[3], "float64", [0.0, 0.0, 0.0]]}, "A": {"__ndarray__": [[3], "float64", [0.0, 0.0, 0.5]]}, "H": {"__ndarray__": [[3], "float64", [0.3333333333333333, 0.3333333333333333, 0.5]]}, "K": {"__ndarray__": [[3], "float64", [0.3333333333333333, 0.3333333333333333, 0.0]]}, "L": {"__ndarray__": [[3], "float64", [0.5, 0.0, 0.5]]}, "M": {"__ndarray__": [[3], "float64", [0.5, 0.0, 0.0]]}, "Kpt0": {"__ndarray__": [[3], "float64", [0.3333333333333333, -0.6666666666666666, 0.0]]}, "Kpt1": {"__ndarray__": [[3], "float64", [0.5, -0.5, 0.0]]}}, "labelseq": "Kpt0Kpt1", "cell": {"array": {"__ndarray__": [[3, 3], "float64", [1.66, -2.875204340564336, 0.0, 1.66, 2.875204340564336, 0.0, 0.0, 0.0, 43.338]]}, "__ase_objtype__": "cell"}, "__ase_objtype__": "bandpath"}, "energies": {"__ndarray__": [[1, 30, 26], "float64", [-64.25704801634005, -38.472592397747654, -38.44523019358468, -38.3965144439821, -15.572756890611727, -15.44661348124273, -8.3366751209167, -7.847258530767594, -7.32007894114815, -6.762672309754905, -6.3059986472965885, -5.474915360908944, -3.392433274310073, -1.960091330575999, -0.8175998613889478, -0.37473360734749767, 0.9068046464636169, 3.136808851030783, 3.4491164017159566, 5.537348929266804, 6.258140012338838, 6.5887884723576065, 7.229646604475866, 7.617548562948942, 7.863006517009398, 8.124972788714329, -64.25705272637437, -38.47314112745169, -38.44454061473323, -38.396537366318206, -15.573791152174987, -15.447242451259807, -8.335152351088901, -7.8588614475978655, -7.306991757254244, -6.760874375275586, -6.30730007364657, -5.472421428464929, -3.395182375483015, -1.956772561291917, -0.8159990019221152, -0.3786412897902848, 0.9048330453422143, 3.1237152394450054, 3.469153151803855, 5.529856796921802, 6.244055396598621, 6.59002216147358, 7.225685914479408, 7.307985465444107, 7.619120441290461, 7.986723606511099, -64.25708262701745, -38.4746906458609, -38.442587009930335, -38.39660514389492, -15.57679318617217, -15.449120465663166, -8.330773975544297, -7.891110327183739, -7.271465987720175, -6.754386966564714, -6.310907091444345, -5.465308006662385, -3.403056030100715, -1.9471312778867047, -0.8109270822647842, -0.38998916605841966, 0.8988315289545045, 3.0883475129594995, 3.5249164542961418, 5.508935718837578, 6.205870144427601, 6.591079624412763, 7.2076198745131785, 7.306956079310126, 7.634656836896493, 7.926193063376713, -64.25712443730515, -38.476967742639246, -38.43965734293595, -38.39671309671689, -15.581579265716872, -15.452123954325707, -8.323833334945144, -7.937868134255433, -7.222193384772, -6.7407810836065485, -6.316273109224349, -5.454229271576087, -3.415336170939825, -1.9318011464535814, -0.8019971945001694, -0.4081059493260112, 0.888751028351011, 3.040392815413898, 3.605996591121598, 5.477353832135992, 6.150066786372505, 6.587853190281148, 7.171973308758979, 7.309898198739243, 7.684515569053884, 7.891627325996135, -64.25719096883799, -38.47970091164291, -38.43604758056741, -38.39685955372863, -15.587993894121594, -15.45618392527936, -8.314645466445524, -7.993326422422662, -7.168777269652787, -6.7164316218075095, -6.3227693173114625, -5.439927341127101, -3.4311935922785963, -1.9115921767571449, -0.7888598159480261, -0.432254000967828, 0.8745889441040464, 2.986800391435159, 3.7046185319153193, 5.437951871531379, 6.082171813014161, 6.577364110161099, 7.122411312468376, 7.309538540362191, 7.6657875566168725, 7.849982529100613, -64.2572648217988, -38.482689862653636, -38.43197298350818, -38.39703911986891, -15.595832772516669, -15.461169366166969, -8.303536912322752, -8.053476088095033, -7.11981287930772, -6.676927868812396, -6.329739074098263, -5.423168510345981, -3.449749233681076, -1.8873846097847902, -0.7711930927128811, -0.4616362586900234, 0.8564343104484702, 2.9310728433179922, 3.816413904014636, 5.393241427003503, 6.006223907055739, 6.558591858603307, 7.064327969980354, 7.291650586764475, 7.621677398560363, 7.703696009907891, -64.25735389843922, -38.48580918376201, -38.42758278638822, -38.39724934323707, -15.604929419411132, -15.466995460629244, -8.29084542074469, -8.115819811286563, -7.081406852622602, -6.618871173978331, -6.3365469423056995, -5.404709509820816, -3.4701617309586807, -1.8600936626890312, -0.7487184759435851, -0.4954631534364175, 0.8344270675916822, 2.874916984142568, 3.9387613588559955, 5.345255540686112, 5.92494357103749, 6.532164831941603, 7.001479010964587, 7.247934139625598, 7.569631191206872, 7.649754137002346, -64.25745420067605, -38.4889765568708, -38.42297983464662, -38.39748700859468, -15.615093409984524, -15.473547855295559, -8.276915162185363, -8.17879798158982, -7.055609761142076, -6.541996867048454, -6.342606263773517, -5.385259424847555, -3.4916652515883277, -1.83058712079652, -0.7212171928881825, -0.5329551106051533, 0.8087546323448465, 2.8192205132557633, 4.0698408528603345, 5.295557278065221, 5.84012869454432, 6.499588625370693, 6.936784752722815, 7.186242201091484, 7.461783922619507, 7.8651641360571425, -64.25757291569269, -38.492141749834815, -38.41823902822718, -38.3977496247091, -15.626166933096473, -15.480731153957443, -8.262089327556515, -8.241412953382433, -7.040917278909737, -6.449055488271169, -6.347400645947926, -5.365460347777532, -3.5136055398638066, -1.7996854161110387, -0.688514045771152, -0.5733648442102007, 0.7796786319366213, 2.764477868867622, 4.208172317553508, 5.2453126276147675, 5.7529436772619995, 6.462559062463271, 6.868865853669564, 7.120552803861269, 7.353790223391952, 7.366988440449131, -64.25769484070727, -38.49526649146722, -38.41341725503594, -38.39803102966096, -15.637946312576059, -15.488418216888912, -8.302987204089884, -8.246702408089343, -7.034508320465131, -6.350492451702703, -6.343800719644805, -5.345873690556042, -3.5354478100731126, -1.7681238918063662, -0.6504859364166624, -0.6159691140283001, 0.747524031468822, 2.710987999032014, 4.3523837396510405, 5.195376087869561, 5.66419888268676, 6.422655799516858, 6.800964915247846, 7.004525701859287, 7.194120199595088, 7.24234310360762, -64.25781958199846, -38.49832447473382, -38.40856475568755, -38.39832636488324, -15.650269019754461, -15.496499814426041, -8.363044151286845, -8.231075155622609, -7.0338502918767745, -6.351527355021273, -6.229526553415268, -5.326985149534319, -3.5567906840868417, -1.736572853548314, -0.6600863517783959, -0.6070804465412633, 0.712662534477625, 2.658928229671875, 4.500981424488762, 5.146359215359954, 5.574585295880564, 6.38107767269493, 6.732846800786387, 6.858123648999283, 7.045820862714604, 7.158989128678581, -64.25794814336989, -38.501297499419884, 