{"path": {"kpts": {"__ndarray__": [[30, 3], "float64", [0.3333333333333333, -0.6666666666666666, 0.0, 0.3390804597701149, -0.6609195402298851, 0.0, 0.3448275862068965, -0.6551724137931034, 0.0, 0.3505747126436781, -0.6494252873563218, 0.0, 0.3563218390804598, -0.6436781609195402, 0.0, 0.3620689655172414, -0.6379310344827587, 0.0, 0.367816091954023, -0.632183908045977, 0.0, 0.3735632183908046, -0.6264367816091954, 0.0, 0.3793103448275862, -0.6206896551724137, 0.0, 0.3850574712643678, -0.6149425287356322, 0.0, 0.3908045977011494, -0.6091954022988505, 0.0, 0.39655172413793105, -0.603448275862069, 0.0, 0.40229885057471265, -0.5977011494252873, 0.0, 0.40804597701149425, -0.5919540229885057, 0.0, 0.41379310344827586, -0.5862068965517242, 0.0, 0.41954022988505746, -0.5804597701149425, 0.0, 0.42528735632183906, -0.5747126436781609, 0.0, 0.43103448275862066, -0.5689655172413792, 0.0, 0.4367816091954023, -0.5632183908045977, 0.0, 0.44252873563218387, -0.557471264367816, 0.0, 0.4482758620689655, -0.5517241379310345, 0.0, 0.4540229885057471, -0.5459770114942528, 0.0, 0.45977011494252873, -0.5402298850574713, 0.0, 0.4655172413793104, -0.5344827586206897, 0.0, 0.47126436781609193, -0.5287356321839081, 0.0, 0.4770114942528736, -0.5229885057471264, 0.0, 0.48275862068965514, -0.5172413793103448, 0.0, 0.4885057471264368, -0.5114942528735633, 0.0, 0.49425287356321834, -0.5057471264367817, 0.0, 0.5, -0.5, 0.0]]}, "special_points": {"G": {"__ndarray__": [[3], "float64", [0.0, 0.0, 0.0]]}, "A": {"__ndarray__": [[3], "float64", [0.0, 0.0, 0.5]]}, "H": {"__ndarray__": [[3], "float64", [0.3333333333333333, 0.3333333333333333, 0.5]]}, "K": {"__ndarray__": [[3], "float64", [0.3333333333333333, 0.3333333333333333, 0.0]]}, "L": {"__ndarray__": [[3], "float64", [0.5, 0.0, 0.5]]}, "M": {"__ndarray__": [[3], "float64", [0.5, 0.0, 0.0]]}, "Kpt0": {"__ndarray__": [[3], "float64", [0.3333333333333333, -0.6666666666666666, 0.0]]}, "Kpt1": {"__ndarray__": [[3], "float64", [0.5, -0.5, 0.0]]}}, "labelseq": "Kpt0Kpt1", "cell": {"array": {"__ndarray__": [[3, 3], "float64", [1.592, -2.7574248856496526, 0.0, 1.592, 2.7574248856496526, 0.0, 0.0, 0.0, 43.127]]}, "__ase_objtype__": "cell"}, "__ase_objtype__": "bandpath"}, "energies": {"__ndarray__": [[1, 30, 26], "float64", [-64.92382172219479, -39.20175100561826, -39.16070378773316, -39.045821596648416, -15.984535845507311, -15.883582761179076, -9.38347051713723, -8.584253023837274, -8.085217290945169, -7.568215091315701, -6.901116905163876, -6.165401936988044, -4.056604367481635, -2.3951679715031586, -0.9931274536543241, -0.5381411588780733, 0.7760512751186425, 3.1600428128908535, 3.5639434336785443, 5.540275645159993, 6.356851906447539, 7.0780097700663775, 7.570385288454671, 7.60152743960936, 8.00098290524578, 8.70532820243168, -64.92384013913001, -39.20263154617242, -39.15960923494148, -39.0458557817127, -15.985636084170768, -15.88418448357146, -9.381391407389897, -8.596783114174924, -8.07315188544819, -7.564805545177357, -6.9040703182471574, -6.162020582712564, -4.05996778511369, -2.3909237131481627, -0.9916616726329602, -0.5421078675363444, 0.7737209645744308, 3.151536962003843, 3.5784256456613064, 5.535252689149354, 6.3469443569795985, 7.0696699319572724, 7.554091600247696, 7.600769928695454, 7.986896092080252, 8.569135299143621, -64.92389849888784, -39.20510039075054, -39.15651571827555, -39.04595761742818, -15.988821649230022, -15.88595939237681, -9.375277700859819, -8.631043478673739, -8.04211452069484, -7.55283218434464, -6.912521914668415, -6.152407930249129, -4.069589893906831, -2.37858738661674, -0.9869962349788884, -0.5536231674962538, 0.7665696829103772, 3.12623135337752, 3.621273979737247, 5.521133798281928, 6.318738049207432, 7.046524271462807, 7.497300234838092, 7.596559896815211, 7.956052719800317, 8.598059944954406, -64.92398728899684, -39.20870583082202, -39.15190027395586, -39.0461218396033, -15.99390754872715, -15.888817595148168, -9.365329189504088, -8.680047181244325, -8.002568007249591, -7.528956172694512, -6.925635041879262, -6.137577016245328, -4.084580985854791, -2.358963459715682, -0.9787417364489293, -0.5720247313954169, 0.7544611605894757, 3.0881225331579465, 3.68784784073624, 5.49951420674765, 6.275002068130034, 7.010016407145345, 7.393940597326171, 7.584301983999523, 7.879023174922524, 7.916284468465469, -64.92409802046765, -39.213004651568845, -39.1462353734395, -39.04634190966143, -16.000711505237437, -15.89265406544285, -9.351771929155325, -8.737696701526351, -7.96441719009665, -7.489534844980661, -6.942408719849572, -6.118706538318812, -4.103898154415466, -2.3330598723176528, -0.9665494145915459, -0.5965797126492337, 0.7373380400157806, 3.0421271495188855, 3.772499762246489, 5.472040756641499, 6.218684906584928, 6.962408054345329, 7.27180668491064, 7.5586068350510764, 7.852387567913848, 7.869955307328716, -64.92423560574825, -39.21768733283571, -39.13986455874384, -39.046613140498, -16.009041411126997, -15.897412337363438, -9.334857117843223, -8.79998958693582, -7.934185834392314, -7.432244270661577, -6.961823005814471, -6.0969854181102185, -4.126456450809304, -2.3019995297913836, -0.9501275049850064, -0.6265328139769878, 0.7152320744714972, 2.991757659344447, 3.8709144444395087, 5.440269246768325, 6.152469577493267, 6.901127577574037, 7.142735916016501, 7.515985206325423, 7.820349626694391, 7.8560883874936485, -64.92440117288521, -39.2225582350008, -39.133016642772134, -39.04693151010483, -16.018727472396783, -15.902991151480387, -9.314862762872286, -8.864485269945027, -7.914162869932313, -7.357446783181805, -6.982931263258127, -6.0735167096126474, -4.151208722658947, -2.2669236751041715, -0.9292324052888198, -0.6610965168343415, 0.6882442438968545, 2.939162241852199, 3.9801156024058195, 5.405564830038023, 6.0785680884421645, 6.816994852872461, 7.021022283656767, 7.456516668588551, 7.763096669685133, 7.857853402977621, -64.92458113836868, -39.22749455156893, -39.125843733318035, -39.04728992659396, -16.029552172158567, -15.909284018667407, -9.292083934045653, -8.929678706488414, -7.903450252214836, -7.267767572610684, -7.004903819248012, -6.049267400935728, -4.177207797652557, -2.228937227205905, -0.9036523684082648, -0.6995095467859512, 0.6566176774464261, 2.885657111679312, 4.097947263365997, 5.369091945669337, 5.998711899073084, 6.699223260755843, 6.924259240717425, 7.38331669257366, 7.691462643816004, 7.832409141859378, -64.92478233054015, -39.23241791556396, -39.118462537421316, -39.047683241387126, -16.041356785514918, -15.916202037049494, -9.266845439211036, -8.994595205930738, -7.899936440823484, -7.1665272172604855, -7.027042177946873, -6.025054310600009, -4.203653240583531, -2.1890572296656927, -0.8732556563458923, -0.7410187957998572, 0.6206479861682593, 2.832039673383442, 4.222691265940978, 5.33176688100495, 5.91419812329767, 6.552494540731382, 6.851134277958827, 7.295182462322775, 7.606673179562127, 7.7719160866578525, -64.92499320348561, -39.237273914562174, -39.11095894722426, -39.048104931664, -16.053928816081758, -15.923638375706478, -9.239486526167713, -9.058569314781588, -7.901584684047996, -7.056677825765908, -7.048762685499528, -6.0015526796692065, -4.229891368513192, -2.1482165310028134, -0.8379612526019005, -0.7849066434811524, 0.5807248116845312, 2.7788551839207956, 4.352814142023313, 5.294319866635016, 5.826054274806292, 6.390030455269917, 6.790300577417388, 7.193439297701168, 7.517687072144267, 7.682586473681232, -64.92521548508297, -39.24202407123974, -39.103407471172424, -39.04855053154699, -16.067096934702764, -15.931497397079136, -9.210369763031453, -9.121119525614322, -7.906844361941187, -7.0695896903176285, -6.94051580428531, -5.979306468307222, -4.255426688927749, -2.1072586840680496, -0.8304830970013384, -0.7977712132082956, 0.5372985892690104, 2.7264650229834384, 4.486765910691309, 5.257278983188419, 5.735192497282771, 6.219954214700552, 6.735486729192299, 7.079906028534237, 7.431729317567203, 7.589041044918047, -64.9254481258195, -39.24663704455156, 