{"path": {"kpts": {"__ndarray__": [[30, 3], "float64", [0.3333333333333333, -0.6666666666666666, 0.0, 0.3390804597701149, -0.6609195402298851, 0.0, 0.3448275862068965, -0.6551724137931034, 0.0, 0.3505747126436781, -0.6494252873563218, 0.0, 0.3563218390804598, -0.6436781609195402, 0.0, 0.3620689655172414, -0.6379310344827587, 0.0, 0.367816091954023, -0.632183908045977, 0.0, 0.3735632183908046, -0.6264367816091954, 0.0, 0.3793103448275862, -0.6206896551724137, 0.0, 0.3850574712643678, -0.6149425287356322, 0.0, 0.3908045977011494, -0.6091954022988505, 0.0, 0.39655172413793105, -0.603448275862069, 0.0, 0.40229885057471265, -0.5977011494252873, 0.0, 0.40804597701149425, -0.5919540229885057, 0.0, 0.41379310344827586, -0.5862068965517242, 0.0, 0.41954022988505746, -0.5804597701149425, 0.0, 0.42528735632183906, -0.5747126436781609, 0.0, 0.43103448275862066, -0.5689655172413792, 0.0, 0.4367816091954023, -0.5632183908045977, 0.0, 0.44252873563218387, -0.557471264367816, 0.0, 0.4482758620689655, -0.5517241379310345, 0.0, 0.4540229885057471, -0.5459770114942528, 0.0, 0.45977011494252873, -0.5402298850574713, 0.0, 0.4655172413793104, -0.5344827586206897, 0.0, 0.47126436781609193, -0.5287356321839081, 0.0, 0.4770114942528736, -0.5229885057471264, 0.0, 0.48275862068965514, -0.5172413793103448, 0.0, 0.4885057471264368, -0.5114942528735633, 0.0, 0.49425287356321834, -0.5057471264367817, 0.0, 0.5, -0.5, 0.0]]}, "special_points": {"G": {"__ndarray__": [[3], "float64", [0.0, 0.0, 0.0]]}, "A": {"__ndarray__": [[3], "float64", [0.0, 0.0, 0.5]]}, "H": {"__ndarray__": [[3], "float64", [0.3333333333333333, 0.3333333333333333, 0.5]]}, "K": {"__ndarray__": [[3], "float64", [0.3333333333333333, 0.3333333333333333, 0.0]]}, "L": {"__ndarray__": [[3], "float64", [0.5, 0.0, 0.5]]}, "M": {"__ndarray__": [[3], "float64", [0.5, 0.0, 0.0]]}, "Kpt0": {"__ndarray__": [[3], "float64", [0.3333333333333333, -0.6666666666666666, 0.0]]}, "Kpt1": {"__ndarray__": [[3], "float64", [0.5, -0.5, 0.0]]}}, "labelseq": "Kpt0Kpt1", "cell": {"array": {"__ndarray__": [[3, 3], "float64", [1.592, -2.7574248856496526, 0.0, 1.592, 2.7574248856496526, 0.0, 0.0, 0.0, 43.127]]}, "__ase_objtype__": "cell"}, "__ase_objtype__": "bandpath"}, "energies": {"__ndarray__": [[1, 30, 26], "float64", [-64.92886673318932, -39.20554154507659, -39.164501690041405, -39.04923692221734, -15.990867331066923, -15.890138120721904, -9.384987895617213, -8.585820053540322, -8.086680043665641, -7.57048970322311, -6.902460989000048, -6.167458441807092, -4.058743655895982, -2.397366065269259, -0.9951780670647873, -0.5406595161051556, 0.7730057744532176, 3.157963252124862, 3.5617886128890843, 5.538442538560791, 6.354324432723407, 7.076433337887256, 7.568090469746939, 7.600203213508489, 7.997550281758766, 8.690417940477571, -64.92888441280172, -39.2064213444607, -39.1634066501792, -39.04927187246361, -15.991966591050963, -15.890738743424022, -9.382909849044989, -8.598346599330167, -8.074623822190977, -7.567075307747709, -6.905418021355822, -6.164073169233885, -4.062106288780479, -2.3931249465913673, -0.9937140355061077, -0.5446234383816303, 0.7706712047968721, 3.1494549171555883, 3.576274365673287, 5.533416948748952, 6.344428902972349, 7.067995086383979, 7.551445901115513, 7.599569721192419, 7.984162311998018, 8.446583123408676, -64.92893584550028, -39.208888397064236, -39.16031208169601, -39.04937350590445, -15.995145549381224, -15.892496333560192, -9.37679739927841, -8.632598353095752, -8.043613653050896, -7.55507952449107, -6.913879994390413, -6.154446809674303, -4.071722833728097, -2.3807892705983047, -0.9890473143164694, -0.5561319849073112, 0.7635292253321779, 3.124144507540502, 3.619133916820101, 5.519297440519184, 6.316239767724645, 7.044545925281877, 7.493074237350768, 7.59569735023588, 7.953848159443264, 8.435136463872059, -64.92901856467624, -39.21249238283759, -39.155696729986424, -39.0495369078456, -16.00022705475241, -15.89533276855336, -9.366850847012497, -8.681596612500499, -8.004113846900824, -7.531160036731654, -6.927007825094009, -6.13959785096714, -4.086706130644039, -2.3611639520759646, -0.9807934511428257, -0.5745299026934804, 0.7514299644491164, 3.0860327857540386, 3.6857123280653323, 5.497676460492181, 6.2725229085737615, 7.008024934185199, 7.3895324702471505, 7.584013603771928, 7.8556224677726085, 7.914058111654037, -64.92913002026057, -39.216790187067, -39.15003375857812, -39.049757010049795, -16.00702742557191, -15.89916956876212, -9.353297021230288, -8.739244686516223, -7.966032101129032, -7.491675986598076, -6.943800087838667, -6.120705860014284, -4.106015724251599, -2.3352638939085484, -0.9686091208317218, -0.5990890218428799, 0.7343137494569829, 3.0400307297421496, 3.770361896347996, 5.4702009245366225, 6.216225305301633, 6.960286186744462, 7.267894148583807, 7.5593173025554465, 7.84814737045619, 7.867991035631193, -64.92926750764217, -39.22147144793991, -39.1436646388971, -39.05002853172829, -16.015354955354898, -15.903915662559877, -9.336386485298958, -8.801537129597099, -7.935883376944816, -7.434303783866981, -6.963233016287189, -6.0989613215637695, -4.128563306582835, -2.304209842706373, -0.9521938156174936, -0.6290404449656174, 0.7122135464741276, 2.9896537974090474, 3.868778789911015, 5.438424789233151, 6.150026544569608, 6.898988076047251, 7.139362065650883, 7.517968043349949, 7.818095634455786, 7.8629127555654925, -64.92942833886427, -39.22634094915615, -39.13681725155092, -39.050346123792224, -16.025027125508668, -15.909486033602937, -9.316396228429886, -8.866035044626885, -7.91593891952567, -7.359425018088455, -6.984360977284222, -6.075469809857686, -4.153303287845958, -2.2691423719923747, -0.9312983833283917, -0.6636073879297738, 0.6852504622629048, 2.9370582314092553, 3.977981711239863, 5.40371903730275, 6.0761378618231845, 6.815090733088794, 7.018720736327127, 7.459603163808291, 7.760605058364778, 7.870436620915766, -64.92960965672629, -39.23127630460375, -39.12964701309189, -39.05070417279818, -16.03584881581272, -15.915775405194118, -9.293623353643241, -8.931230992396724, -7.905292161498987, -7.269672474925184, -7.00635293309828, -6.051196560508309, -4.179291013011243, -2.23116068988171, -0.905723279425868, -0.7020198283853093, 0.6536422738832744, 2.8835465337988766, 4.095812098603871, 5.36723647971018, 5.9962823341788445, 6.697313699224427, 6.922738237830437, 7.3861889518035095, 7.689629601602248, 7.8515871014637115, -64.92980868930664, -39.236198397644394, -39.12226747463468, -39.051097053753345, -16.047638693843773, -15.922691274818657, -9.268390520486316, -8.996152885603372, -7.901828352559138, -7.1683768144816264, -7.028509858039723, -6.026961622155135, -4.205721917361401, -2.1912885853888433, -0.8753311454407036, -0.7435326201448291, 0.6176909104535033, 2.82993091524788, 4.220552113046182, 5.32990556629722, 5.911764830901211, 6.550478518060991, 6.850053713780933, 7.297582032703058, 7.60675161388902, 7.7962654687689765, -64.93002251870742, -39.241053135451224, -39.11476714317453, -39.05151916841793, -16.06020793165905, -15.93013161063947, -9.241038965979003, -9.060133308782572, -7.903514030232021, -7.058483997292702, -7.050249675244357, -6.003438679265902, -4.231944945293045, -2.15045844738688, -0.8400473871861415, -0.7874249852042492, 0.5777818897270053, 2.7767438601383114, 4.350671239388418, 5.2924473312684315, 5.8236048468309525, 6.387946250670185, 6.789454110614787, 7.194872862507527, 7.519848556276819, 7.7144048448892, -64.93024826496267, -39.245801615702625, -39.10721981194616, -39.051964788783394, -16.0733799518231, -15.93798676960766, -9.21192866213301, -9.122689577990364, -7.9088016492579944, -7.071092699091837, -6.942286867664702, -5.981171999723462, -4.2574668005003975, -2.10951064551521, -0.8330047225392999, -0.7998659609482542, 0.5343770688557832, 2.7243524867659556, 4.484613436531519, 5.255395223778554, 5.732711158298817, 6.2178255049683715, 6.7347973836331025, 7.08019307744384, 7.435432511369276, 7.625267898004906, -64.93048307132753, -39.25041445834627, 