{"path": {"kpts": {"__ndarray__": [[30, 3], "float64", [-0.3333333333333333, 0.6666666666666666, 0.0, -0.3218390804597701, 0.6609195402298851, 0.0, -0.31034482758620685, 0.6551724137931034, 0.0, -0.29885057471264365, 0.6494252873563218, 0.0, -0.28735632183908044, 0.6436781609195402, 0.0, -0.27586206896551724, 0.6379310344827587, 0.0, -0.26436781609195403, 0.632183908045977, 0.0, -0.25287356321839083, 0.6264367816091954, 0.0, -0.24137931034482757, 0.6206896551724137, 0.0, -0.22988505747126436, 0.6149425287356322, 0.0, -0.21839080459770113, 0.6091954022988505, 0.0, -0.20689655172413793, 0.603448275862069, 0.0, -0.1954022988505747, 0.5977011494252873, 0.0, -0.1839080459770115, 0.5919540229885057, 0.0, -0.1724137931034483, 0.5862068965517242, 0.0, -0.16091954022988503, 0.5804597701149425, 0.0, -0.14942528735632182, 0.5747126436781609, 0.0, -0.13793103448275862, 0.5689655172413792, 0.0, -0.1264367816091954, 0.5632183908045977, 0.0, -0.11494252873563218, 0.557471264367816, 0.0, -0.10344827586206895, 0.5517241379310345, 0.0, -0.09195402298850575, 0.5459770114942528, 0.0, -0.08045977011494254, 0.5402298850574713, 0.0, -0.06896551724137928, 0.5344827586206897, 0.0, -0.05747126436781608, 0.5287356321839081, 0.0, -0.04597701149425287, 0.5229885057471264, 0.0, -0.03448275862068967, 0.5172413793103448, 0.0, -0.022988505747126464, 0.5114942528735633, 0.0, -0.01149425287356326, 0.5057471264367817, 0.0, 0.0, 0.5, 0.0]]}, "special_points": {"G": {"__ndarray__": [[3], "float64", [0.0, 0.0, 0.0]]}, "A": {"__ndarray__": [[3], "float64", [0.0, 0.0, 0.5]]}, "H": {"__ndarray__": [[3], "float64", [0.3333333333333333, 0.3333333333333333, 0.5]]}, "K": {"__ndarray__": [[3], "float64", [0.3333333333333333, 0.3333333333333333, 0.0]]}, "L": {"__ndarray__": [[3], "float64", [0.5, 0.0, 0.5]]}, "M": {"__ndarray__": [[3], "float64", [0.5, 0.0, 0.0]]}, "Kpt0": {"__ndarray__": [[3], "float64", [-0.3333333333333333, 0.6666666666666666, 0.0]]}, "Kpt1": {"__ndarray__": [[3], "float64", [0.0, 0.5, 0.0]]}}, "labelseq": "Kpt0Kpt1", "cell": {"array": {"__ndarray__": [[3, 3], "float64", [1.593, -2.7591569364572215, 0.0, 1.593, 2.7591569364572215, 0.0, 0.0, 0.0, 43.359]]}, "__ase_objtype__": "cell"}, "__ase_objtype__": "bandpath"}, "energies": {"__ndarray__": [[1, 30, 26], "float64", [-77.65082825722821, -42.173058873517896, -42.151282757437684, -42.058816348194874, -15.682713027734556, -15.676738973743472, -9.005057669891864, -8.745241628689822, -7.897958875999028, -7.375829118449974, -6.913906824679965, -6.249742588697556, -3.65524430239616, -1.612905533050279, -0.8691682282131454, -0.13941833051904123, 1.3689132853503685, 2.3968303985796293, 3.343404595249143, 5.454596734692014, 6.440542342987751, 7.193031912442265, 7.571291091836377, 7.696139471930816, 7.811597188246789, 8.660508444386556, -77.65083469374206, -42.17423086756445, -42.149927260648624, -42.058840317805995, -15.683994936877035, -15.677439263580272, -9.003286833158159, -8.752509070083457, -7.889476219311687, -7.373997863206752, -6.91555796824425, -6.246996143685401, -3.6591202469889716, -1.608870708723234, -0.867185666601107, -0.1411151651926734, 1.3654585026814596, 2.3932126371455644, 3.351472247737357, 5.451774045995476, 6.425106481544296, 7.181122923883747, 7.546398070776696, 7.724135840713891, 7.763156826195936, 8.439597229679318, -77.65085848208624, -42.17721146882902, -42.146419566441715, -42.058915869185874, -15.687748076500629, -15.679489073828123, -8.998172650608275, -8.774001113709481, -7.865374051630909, -7.367557964238232, -6.9200673416254945, -6.239236995450606, -3.6703431422256076, -1.5968776237815743, -0.8610456516303102, -0.14596685029985418, 1.3549404899141673, 2.3811402230372227, 3.376391481593156, 5.443884811492377, 6.382878465118727, 7.149864667586273, 7.491041787711304, 7.636022632561988, 7.783673432723543, 8.146847783622658, -77.65089466212916, -42.181110108582374, -42.14166760355294, -42.059036143342496, -15.693727057734234, -15.682782726516757, -8.990031195163096, -8.807929789551688, -7.829725651627207, -7.3543742005463715, -6.926635846994983, -6.227299469865323, -3.6880782723622394, -1.5774210876005477, -0.8504659059826686, -0.15355601961005966, 1.3372484354519487, 2.3597581236123157, 3.418246497977175, 5.431818871971834, 6.320421222292768, 7.105955372849939, 7.423497117759942, 7.492817430827875, 7.847137799597301, 7.92756085491359, -77.65094425899989, -42.185405370718065, -42.13622232808059, -42.059198782170405, -15.7017088193007, -15.687242975455897, -8.97920686972083, -8.851580610332128, -7.788612166069707, -7.331259990583463, -6.934379838840547, -6.2121072979797045, -3.711281129742344, -1.5513399291532541, -0.8352042290939801, -0.16342820784938533, 1.31237966708433, 2.329394792416395, 3.475870469502011, 5.4163809681043915, 6.2435732796827965, 7.053942575199781, 7.348722869135662, 7.349081259805487, 7.893423261664595, 7.901442129148637, -77.65100534623832, -42.18984901233275, -42.13035712259596, -42.059398895542905, -15.711482207142485, -15.692735872612749, -8.96606674591921, -8.902204946333585, -7.748868557450244, -7.2943195563785315, -6.9424173646906135, -6.194566871057175, -3.7388088310800063, -1.5196899275213545, -0.8150604551970998, -0.17511722927810802, 1.2804711526460164, 2.29121419641313, 3.5472099658410405, 5.398274739106555, 6.156883898315524, 6.994082519874186, 7.1973701863209225, 7.268339296358349, 7.87115729608687, 7.931596739519302, -77.65107423706314, -42.19431885777867, -42.1242171547496, -42.05963076296546, -15.722804455955908, -15.699138796791498, -8.95747865189091, -8.950997233922257, -7.716280443058197, -7.240293245235452, -6.949929611217593, -6.175518073332276, -3.769521102685878, -1.4836257284287462, -0.7898753121581075, -0.18818053120734785, 1.2417668084705722, 2.246728691386386, 3.629766274459602, 5.378100707877181, 6.063797403193128, 6.9156174849508165, 7.052227038513051, 7.183143539388129, 7.826218518856149, 7.915647036190032, -77.65114947946941, -42.19874773891441, -42.11789713827076, -42.05989047921809, -15.735442212500773, -15.706340737962485, -9.015591660094415, -8.934397998913147, -7.693754789794072, -7.168294757607262, -6.956190363641872, -6.155705984837719, -3.802360956082766, -1.444307959508139, -0.7595392451525182, -0.20222701283283234, 1.1966325428097229, 2.197466383016908, 3.720857949793091, 5.356336472034487, 5.967009621990419, 6.788580731514367, 6.9482963891942235, 7.093675756537413, 7.759888790138444, 7.844341300291614, -77.65123544235931, -42.203097628764326, -42.11147211006838, -42.06018010567541, -15.749196422651348, -15.71425525565028, -9.075181026010663, -8.91667585463525, -7.68108410002642, -7.080115184398894, -6.960581455730938, -6.135776988739788, -3.8364050963965584, -1.4028391940521292, -0.7239982420617644, -0.2169330569988523, 1.1455330487176258, 2.1448004593665853, 3.817670668825783, 5.333345433875123, 5.868858699761828, 6.622017093872071, 6.879930858600193, 7.000440723470276, 7.6828118698891235, 7.735116687773836, -77.65132689693155, -42.207344131480816, -42.10499177667596, -42.06048892235649, -15.76382575801822, -15.722745408109544, -9.135220204602268, -8.898235726161387, -7.676407224962227, -6.978859289802798, -6.962589535265657, -6.116270258827984, -3.8708905520421317, -1.360212703598083, -0.6832464267418297, -0.23204316738119607, 1.0890431061120622, 2.089925377619887, 3.9171860578518958, 5.30938690789211, 5.771717479472085, 6.442476232387114, 6.823011580489992, 6.9040764997491415, 7.611298109673674, 7.633033155587784, -77.65142141567732, -42.211462339770385, -42.09850516850973, -42.06081536348876, -15.779114974272769, -15.731685077172825, -9.194928691561959, -8.879469618558806, -7.6776453385157835, -6.9618066714154425, -6.867607234505916, -6.097634687163126, -3.9052262740042964, -1.3172932818756828, -0.6373389080257184, -0.24739221742422032, 1.0278182460935539, 2.0338417437050866, 4.015873531160579, 5.284589713213336, 5.678420451066144, 6.2587260511076535, 6.770650854781759, 6.805482785928037, 7.539941437923684, 7.554455314126692, 