{"path": {"kpts": {"__ndarray__": [[30, 3], "float64", [0.3333333333333333, -0.6666666666666666, 0.0, 0.3390804597701149, -0.6609195402298851, 0.0, 0.3448275862068965, -0.6551724137931034, 0.0, 0.3505747126436781, -0.6494252873563218, 0.0, 0.3563218390804598, -0.6436781609195402, 0.0, 0.3620689655172414, -0.6379310344827587, 0.0, 0.367816091954023, -0.632183908045977, 0.0, 0.3735632183908046, -0.6264367816091954, 0.0, 0.3793103448275862, -0.6206896551724137, 0.0, 0.3850574712643678, -0.6149425287356322, 0.0, 0.3908045977011494, -0.6091954022988505, 0.0, 0.39655172413793105, -0.603448275862069, 0.0, 0.40229885057471265, -0.5977011494252873, 0.0, 0.40804597701149425, -0.5919540229885057, 0.0, 0.41379310344827586, -0.5862068965517242, 0.0, 0.41954022988505746, -0.5804597701149425, 0.0, 0.42528735632183906, -0.5747126436781609, 0.0, 0.43103448275862066, -0.5689655172413792, 0.0, 0.4367816091954023, -0.5632183908045977, 0.0, 0.44252873563218387, -0.557471264367816, 0.0, 0.4482758620689655, -0.5517241379310345, 0.0, 0.4540229885057471, -0.5459770114942528, 0.0, 0.45977011494252873, -0.5402298850574713, 0.0, 0.4655172413793104, -0.5344827586206897, 0.0, 0.47126436781609193, -0.5287356321839081, 0.0, 0.4770114942528736, -0.5229885057471264, 0.0, 0.48275862068965514, -0.5172413793103448, 0.0, 0.4885057471264368, -0.5114942528735633, 0.0, 0.49425287356321834, -0.5057471264367817, 0.0, 0.5, -0.5, 0.0]]}, "special_points": {"G": {"__ndarray__": [[3], "float64", [0.0, 0.0, 0.0]]}, "A": {"__ndarray__": [[3], "float64", [0.0, 0.0, 0.5]]}, "H": {"__ndarray__": [[3], "float64", [0.3333333333333333, 0.3333333333333333, 0.5]]}, "K": {"__ndarray__": [[3], "float64", [0.3333333333333333, 0.3333333333333333, 0.0]]}, "L": {"__ndarray__": [[3], "float64", [0.5, 0.0, 0.5]]}, "M": {"__ndarray__": [[3], "float64", [0.5, 0.0, 0.0]]}, "Kpt0": {"__ndarray__": [[3], "float64", [0.3333333333333333, -0.6666666666666666, 0.0]]}, "Kpt1": {"__ndarray__": [[3], "float64", [0.5, -0.5, 0.0]]}}, "labelseq": "Kpt0Kpt1", "cell": {"array": {"__ndarray__": [[3, 3], "float64", [1.592, -2.7574248856496526, 0.0, 1.592, 2.7574248856496526, 0.0, 0.0, 0.0, 43.127]]}, "__ase_objtype__": "cell"}, "__ase_objtype__": "bandpath"}, "energies": {"__ndarray__": [[1, 30, 26], "float64", [-64.92997582234295, -39.20759572321902, -39.166564374198764, -39.050820620326704, -15.987775968415171, -15.886760649388732, -9.386672314480407, -8.587185370389891, -8.088266791378569, -7.571276331180886, -6.90393338347039, -6.16837605971769, -4.060834081476211, -2.399202746193372, -0.9966275216533067, -0.5425241132381883, 0.7720283239595258, 3.1571710451851196, 3.561582229274977, 5.538629419274991, 6.354873580720339, 7.076924027092246, 7.567509640432228, 7.600151936454781, 7.999857828196822, 8.70359767431453, -64.92999423557907, -39.208476184754254, -39.16546995089859, -39.05085479772895, -15.988876081517255, -15.887362292813851, -9.38459301038705, -8.599718121237116, -8.07620102802094, -7.567864747357603, -6.906889061196961, -6.164992993642112, -4.064195073705386, -2.3949601867144605, -0.9951622934322201, -0.5464912772732924, 0.7696996363032799, 3.148680965733473, 3.576048272333202, 5.53360636314478, 6.344979005169597, 7.068589751835204, 7.5512573306737645, 7.599421124818654, 7.985751435068076, 8.564442748768625, -64.93005258402192, -39.21094475019919, -39.162376861737, -39.050956609552124, -15.992061283173918, -15.889136973106924, -9.378478662545136, -8.633984345939776, -8.045165338989515, -7.555884629628347, -6.915347239251765, -6.155375504098744, -4.073809979037738, -2.3826289680335195, -0.990498471129485, -0.5580080735979668, 0.7625533116124291, 3.123413913643732, 3.618856878660031, 5.519486158621955, 6.316805712273137, 7.0454766135526095, 7.494650397536403, 7.595301079648619, 7.954754046631779, 8.612059203179234, -64.93014135735501, -39.214549672920654, -39.15776217740696, -39.05112079302705, -15.997146606265465, -15.891994809130324, -9.368528970215339, -8.682994261631489, -8.005625928864134, -7.531996577623222, -6.928470707698215, -6.140537314504886, -4.088789394892998, -2.363013358464922, -0.9822465863276635, -0.576412365617295, 0.7504531586316028, 3.0853481436452594, 3.685385799884192, 5.49786300563468, 6.273113550044398, 7.008998080026294, 7.391684503716552, 7.583213869593612, 7.879494758505646, 7.914696187146176, -64.93025206795775, -39.21884776496836, -39.152098336465315, -39.05134081179285, -16.003949797301914, -15.895830790663332, -9.35496989139236, -8.74064919535819, -7.967487811969349, -7.4925588995200325, -6.945257803810055, -6.1216579402843285, -4.108090895798088, -2.3371208984408796, -0.9700578129917027, -0.6009714652048024, 0.7333418379078589, 3.039390268062409, 3.7699976572859346, 5.470383268064574, 6.216843229094949, 6.961356919973733, 7.2697768038292185, 7.557749200641797, 7.851906699356261, 7.867945975821809, -64.93038962716498, -39.22352956270625, -39.145728814526784, -39.05161197945378, -16.01227877414035, -15.900588467409904, -9.338052522184872, -8.80294660981963, -7.9372717650521025, -7.435250734623912, -6.964687965958356, -6.0999270595110096, -4.130630084739354, -2.306074012753571, -0.9536403236361825, -0.6309301703059144, 0.7112510497483726, 2.9890509153554317, 3.868379005013103, 5.4386026649815005, 6.150672379175773, 6.899918966168809, 7.140995275964661, 7.515349514233769, 7.8179185494597165, 7.855453109251956, -64.93055516264938, -39.2283994813661, -39.13888236224423, -39.0519302744508, -16.02196377059207, -15.906166593092676, -9.318054765444385, -8.867446149560926, -7.917263049875955, -7.360437875622962, -6.985814094976192, -6.076448323189926, -4.155360339004207, -2.2710134804851747, -0.9327504564030653, -0.6655009887785697, 0.6842816543991012, 2.9364792575665573, 3.9775525360916424, 5.403886491310425, 6.076809759699252, 6.815384977476706, 7.019690253231165, 7.456000198204736, 7.760371283823623, 7.857287908633407, -64.93073509419325, -39.23333475546712, -39.13171104110285, -39.0522886073438, -16.03278729219369, -15.912458692775816, -9.295271585709475, -8.93264298489281, -7.906561733149772, -7.270747192282776, -7.007806220797253, -6.052189143231262, -4.181334949282305, -2.2330438347204753, -0.9071764124167742, -0.7039225803223722, 0.6526765842669202, 2.882992856071236, 4.095360821963392, 5.367399402127018, 5.996985067565928, 6.6971751087443705, 6.9234241594595725, 7.382778961689472, 7.6887127523829335, 7.832110391551352, -64.93093624824604, -39.23825704732238, -39.12433151764506, -39.05268183027222, -16.044590635446905, -15.919375883358178, -9.270027688148852, -8.997562583323374, -7.903056228492849, -7.16949916564449, -7.029965686394972, -6.0279666141397925, -4.20775384910456, -2.193181849041655, -0.8767864121882041, -0.7454416911626968, 0.6167311983761664, 2.8293901980862906, 4.22008440920767, 5.330057835619257, 5.912494557526237, 6.550210955350006, 6.8505714620937495, 7.294468629845882, 7.604173312730339, 7.771981760288674, -64.93114708129065, -39.24311196559863, -39.11682965717526, -39.05310342243912, -16.057161326895415, -15.926811345552768, -9.24266222376153, -9.061539593428785, -7.904710451374024, -7.059645151837381, -7.051708769713465, -6.00445614113038, -4.233963632721601, -2.1523602310471355, -0.8414994103469751, -0.7893404528563339, 0.5768348342235624, 2.7762173239631336, 4.350188705850307, 5.292592005551354, 5.8243654922006804, 6.387654697051011, 6.7898628191874435, 7.192435005370498, 7.515583084221172, 7.682872005989762, -64.93136932075504, -39.24786104764872, -39.10927994420957, -39.053548918516796, -16.070328057959877, -15.934669455385711, -9.213537674936946, -9.124092569377943, -7.909974463793919, -7.072559807764295, -6.943480838371299, -5.982201766947384, -4.259469005971466, -2.111422528652722, -0.8349285282315897, -0.8013174504073269, 0.5334375820807401, 2.723836159712005, 4.484122665782639, 5.255529640656996, 5.733510247481196, 6.2175422462845535, 6.735116990854367, 7.07860817866045, 7.43014233485945, 7.589391747392295, -64.93160191729378, -39.25247296584853, 