{"path": {"kpts": {"__ndarray__": [[2, 3], "float64", [0.3333333333333333, -0.6666666666666666, 0.0, 0.0, 0.0, 0.0]]}, "special_points": {"G": {"__ndarray__": [[3], "float64", [0.0, 0.0, 0.0]]}, "A": {"__ndarray__": [[3], "float64", [0.0, 0.0, 0.5]]}, "H": {"__ndarray__": [[3], "float64", [0.3333333333333333, 0.3333333333333333, 0.5]]}, "K": {"__ndarray__": [[3], "float64", [0.3333333333333333, 0.3333333333333333, 0.0]]}, "L": {"__ndarray__": [[3], "float64", [0.5, 0.0, 0.5]]}, "M": {"__ndarray__": [[3], "float64", [0.5, 0.0, 0.0]]}, "Kpt0": {"__ndarray__": [[3], "float64", [0.3333333333333333, -0.6666666666666666, 0.0]]}}, "labelseq": "Kpt0G", "cell": {"array": {"__ndarray__": [[3, 3], "float64", [1.592, -2.7574248856496526, 0.0, 1.592, 2.7574248856496526, 0.0, 0.0, 0.0, 43.127]]}, "__ase_objtype__": "cell"}, "__ase_objtype__": "bandpath"}, "energies": {"__ndarray__": [[1, 2, 26], "float64", [-64.92997582232773, -39.20759572320455, -39.1665643741841, -39.050820620313395, -15.987775968408187, -15.886760649382095, -9.386672314473257, -8.587185370383333, -8.088266791372032, -7.571276331173997, -6.903933383464229, -6.16837605971085, -4.060834081466273, -2.3992027461834002, -0.9966275216448527, -0.5425241132276861, 0.7720283239693522, 3.1571710451915886, 3.5615822292802495, 5.53862941927856, 6.3548735807248, 7.076924027095421, 7.567509640438277, 7.600151936461453, 7.999857828310762, 8.70359767416752, -64.9714531235682, -39.13276012072224, -38.93654264238885, -38.93654246910783, -18.10510115696233, -16.822239217167102, -9.602630772483327, -6.622192049573913, -6.622188087524959, -5.807092204000092, -5.520113222610888, -5.520112424097225, -4.046572947704589, -1.2938510115063222, -1.2938508454695719, -1.0487439617690777, -1.0487428729547343, 1.3765582037724253, 1.5336923287977688, 1.82156265225866, 1.953950366634819, 2.080101553734267, 2.2921759324284348, 2.4023190337434785, 2.718325567775875, 3.0738117808313916]]}, "reference": -3.221015198565162, "__ase_objtype__": "bandstructure"}