{"path": {"kpts": {"__ndarray__": [[30, 3], "float64", [0.3333333333333333, -0.6666666666666666, 0.0, 0.3390804597701149, -0.6609195402298851, 0.0, 0.3448275862068965, -0.6551724137931034, 0.0, 0.3505747126436781, -0.6494252873563218, 0.0, 0.3563218390804598, -0.6436781609195402, 0.0, 0.3620689655172414, -0.6379310344827587, 0.0, 0.367816091954023, -0.632183908045977, 0.0, 0.3735632183908046, -0.6264367816091954, 0.0, 0.3793103448275862, -0.6206896551724137, 0.0, 0.3850574712643678, -0.6149425287356322, 0.0, 0.3908045977011494, -0.6091954022988505, 0.0, 0.39655172413793105, -0.603448275862069, 0.0, 0.40229885057471265, -0.5977011494252873, 0.0, 0.40804597701149425, -0.5919540229885057, 0.0, 0.41379310344827586, -0.5862068965517242, 0.0, 0.41954022988505746, -0.5804597701149425, 0.0, 0.42528735632183906, -0.5747126436781609, 0.0, 0.43103448275862066, -0.5689655172413792, 0.0, 0.4367816091954023, -0.5632183908045977, 0.0, 0.44252873563218387, -0.557471264367816, 0.0, 0.4482758620689655, -0.5517241379310345, 0.0, 0.4540229885057471, -0.5459770114942528, 0.0, 0.45977011494252873, -0.5402298850574713, 0.0, 0.4655172413793104, -0.5344827586206897, 0.0, 0.47126436781609193, -0.5287356321839081, 0.0, 0.4770114942528736, -0.5229885057471264, 0.0, 0.48275862068965514, -0.5172413793103448, 0.0, 0.4885057471264368, -0.5114942528735633, 0.0, 0.49425287356321834, -0.5057471264367817, 0.0, 0.5, -0.5, 0.0]]}, "special_points": {"G": {"__ndarray__": [[3], "float64", [0.0, 0.0, 0.0]]}, "A": {"__ndarray__": [[3], "float64", [0.0, 0.0, 0.5]]}, "H": {"__ndarray__": [[3], "float64", [0.3333333333333333, 0.3333333333333333, 0.5]]}, "K": {"__ndarray__": [[3], "float64", [0.3333333333333333, 0.3333333333333333, 0.0]]}, "L": {"__ndarray__": [[3], "float64", [0.5, 0.0, 0.5]]}, "M": {"__ndarray__": [[3], "float64", [0.5, 0.0, 0.0]]}, "Kpt0": {"__ndarray__": [[3], "float64", [0.3333333333333333, -0.6666666666666666, 0.0]]}, "Kpt1": {"__ndarray__": [[3], "float64", [0.5, -0.5, 0.0]]}}, "labelseq": "Kpt0Kpt1", "cell": {"array": {"__ndarray__": [[3, 3], "float64", [1.592, -2.7574248856496526, 0.0, 1.592, 2.7574248856496526, 0.0, 0.0, 0.0, 43.127]]}, "__ase_objtype__": "cell"}, "__ase_objtype__": "bandpath"}, "energies": {"__ndarray__": [[1, 30, 26], "float64", [-64.9299758223276, -39.20759572320427, -39.16656437418398, -39.05082062031343, -15.98777596840816, -15.886760649382067, -9.386672314473314, -8.587185370383363, -8.088266791372025, -7.571276331174053, -6.903933383464335, -6.168376059710869, -4.0608340814662665, -2.3992027461834016, -0.9966275216448995, -0.5425241132276702, 0.7720283239693195, 3.1571710451915918, 3.561582229280269, 5.538629419278605, 6.354873580724847, 7.076924027095735, 7.567509640438348, 7.600151936469927, 7.999857828189363, 8.70359767406762, -64.9299942355636, -39.20847618474045, -39.165469950883974, -39.05085479771545, -15.988876081510094, -15.887362292807044, -9.384593010380017, -8.599718121230644, -8.076201028014404, -7.567864747350767, -6.906889061190955, -6.1649929936353045, -4.064195073695392, -2.3949601867044756, -0.9951622934237959, -0.5464912772627808, 0.7696996363130618, 3.1486809657399277, 3.576048272338515, 5.533606363148343, 6.344979005174048, 7.068589751858936, 7.551257330815506, 7.599421124805418, 7.985751434140988, 8.564442790819852, -64.93005258400659, -39.210944750184595, -39.16237686172239, -39.05095660953865, -15.992061283166894, -15.88913697310016, -9.378478662537919, -8.633984345933293, -8.045165338982892, -7.555884629621473, -6.915347239245578, -6.15537550409198, -4.073809979027806, -2.382628968023535, -0.9904984711210222, -0.5580080735874415, 0.7625533116222131, 3.123413913650093, 3.618856878665426, 5.519486158625563, 6.316805712277508, 7.045476613546664, 7.494650397421956, 7.595301079599492, 7.954754046243858, 8.612059176246515, -64.93014135733921, -39.21454967290599, -39.15776217739199, -39.05112079301409, -15.997146606258593, -15.891994809123577, -9.36852897020822, -8.682994261625028, -8.00562592885748, -7.531996577616315, -6.928470707691995, -6.140537314498115, -4.088789394883125, -2.3630133584548503, -0.9822465863191608, -0.5764123656067829, 0.7504531586413771, 3.085348143651538, 3.685385799889686, 5.497863005638274, 6.273113550048746, 7.008998080059817, 7.391684503780058, 7.583213869642061, 7.879494760578556, 7.914696187488155, -64.93025206794206, -39.218847764953594, -39.152098336450436, -39.05134081177986, -16.00394979729504, -15.895830790656632, -9.354969891385206, -8.740649195351804, -7.967487811962621, -7.492558899513271, -6.945257803803741, -6.121657940277501, -4.108090895788223, -2.337120898430806, -0.9700578129832229, -0.6009714651942667, 0.7333418379175672, 3.0393902680685563, 3.769997657291557, 5.470383268068228, 6.216843229099205, 6.961356919937825, 7.269776803820262, 7.557749200665419, 7.851906699637104, 7.867945976278908, -64.93038962714942, -39.22352956269104, -39.14572881451183, -39.05161197944087, -16.01227877413339, -15.900588467403061, -9.338052522177724, -8.802946609813059, -7.93727176504519, -7.435250734617201, -6.964687965952032, -6.099927059504291, -4.1306300847294555, -2.3060740127434705, -0.953640323627689, -0.6309301702953227, 0.7112510497580955, 2.989050915361611, 3.8683790050188493, 5.438602664985213, 6.150672379179937, 6.899918966087748, 7.140995275909904, 7.515349514182851, 7.817918549436661, 7.8554531094889075, -64.93055516263377, -39.228399481351126, -39.138882362228905, -39.05193027443767, -16.021963770585078, -15.906166593085711, -9.318054765437207, -8.867446149554358, -7.917263049869028, -7.360437875616335, -6.98581409496979, -6.076448323183134, -4.155360338994403, -2.271013480475064, -0.9327504563944998, -0.6655009887679674, 0.6842816544087492, 2.9364792575726595, 3.9775525360974475, 5.403886491314209, 6.076809759703336, 6.815384977474293, 7.0196902532459315, 7.456000198177991, 7.7603712837426375, 7.857287908685961, -64.9307350941775, -39.23333475545217, -39.13171104108825, -39.05228860733022, -16.032787292186665, -15.912458692769137, -9.295271585702125, -8.93264298488628, -7.906561733142759, -7.270747192276155, -7.007806220790765, -6.0521891432244725, -4.181334949272522, -2.2330438347102866, -0.9071764124082208, -0.7039225803117052, 0.6526765842764884, 2.882992856077272, 4.095360821969185, 5.367399402130782, 5.996985067569967, 6.697175108760468, 6.923424159462455, 7.382778961718455, 7.6887127523890095, 7.832110391275255, -64.93093624823051, -39.23825704730754, -39.12433151763034, -39.052681830258436, -16.044590635439828, -15.91937588335137, -9.270027688141687, -8.99756258331682, -7.903056228485861, -7.169499165637918, -7.029965686388399, -6.0279666141331605, -4.207753849094863, -2.1931818490314385, -0.8767864121796042, -0.7454416911520451, 0.6167311983856711, 2.8293901980922915, 4.220084409213532, 5.330057835623043, 5.912494557530183, 6.550210955355146, 6.850571462106671, 7.294468629860915, 7.604173312785086, 7.771981760681489, -64.93114708127564, -39.243111965584006, -39.11682965716099, -39.053103422425714, -16.057161326888345, -15.926811345546033, -9.24266222375422, -9.061539593422252, -7.904710451367006, -7.05964515183086, -7.051708769706916, -6.004456141123759, -4.233963632712033, -2.152360231036844, -0.8414994103384167, -0.7893404528456598, 0.5768348342330524, 2.77621732396914, 4.350188705856189, 5.292592005555296, 5.8243654922045085, 6.387654697055562, 6.789862819209026, 7.192435005372113, 7.515583084390596, 7.682872006378688, -64.9313693207392, -39.24786104763391, -39.109279944194675, -39.05354891850372, -16.070328057953038, -15.934669455378652, -9.213537674929777, -9.12409256937147, -7.9099744637868765, -7.072559807757696, -6.9434808383647955, -5.982201766940781, -4.259469005961918, -2.1114225286424047, -0.8349285282208926, -0.8013174503987287, 0.5334375820901203, 2.723836159717911, 4.484122665788521, 5.25552964066095, 5.7335102474849995, 6.217542246289522, 6.735116990859773, 7.078608178668701, 7.43014233475382, 7.589391746586648, -64.93160191727819, -39.25247296583375, 