,vac,E
0,1,-18.106497340901438
1,2,-22.57937874327309
2,3,-22.748214002434214
3,4,-22.760824179149303
4,5,-22.761532440916508
5,6,-22.761566200968407
6,7,-22.761582077344077
7,8,-22.761589956051026
8,9,-22.76160092674388
9,10,-22.761615480267736
