{"path": {"kpts": {"__ndarray__": [[30, 3], "float64", [0.3333333333333333, -0.6666666666666666, 0.0, 0.3390804597701149, -0.6609195402298851, 0.0, 0.3448275862068965, -0.6551724137931034, 0.0, 0.3505747126436781, -0.6494252873563218, 0.0, 0.3563218390804598, -0.6436781609195402, 0.0, 0.3620689655172414, -0.6379310344827587, 0.0, 0.367816091954023, -0.632183908045977, 0.0, 0.3735632183908046, -0.6264367816091954, 0.0, 0.3793103448275862, -0.6206896551724137, 0.0, 0.3850574712643678, -0.6149425287356322, 0.0, 0.3908045977011494, -0.6091954022988505, 0.0, 0.39655172413793105, -0.603448275862069, 0.0, 0.40229885057471265, -0.5977011494252873, 0.0, 0.40804597701149425, -0.5919540229885057, 0.0, 0.41379310344827586, -0.5862068965517242, 0.0, 0.41954022988505746, -0.5804597701149425, 0.0, 0.42528735632183906, -0.5747126436781609, 0.0, 0.43103448275862066, -0.5689655172413792, 0.0, 0.4367816091954023, -0.5632183908045977, 0.0, 0.44252873563218387, -0.557471264367816, 0.0, 0.4482758620689655, -0.5517241379310345, 0.0, 0.4540229885057471, -0.5459770114942528, 0.0, 0.45977011494252873, -0.5402298850574713, 0.0, 0.4655172413793104, -0.5344827586206897, 0.0, 0.47126436781609193, -0.5287356321839081, 0.0, 0.4770114942528736, -0.5229885057471264, 0.0, 0.48275862068965514, -0.5172413793103448, 0.0, 0.4885057471264368, -0.5114942528735633, 0.0, 0.49425287356321834, -0.5057471264367817, 0.0, 0.5, -0.5, 0.0]]}, "special_points": {"G": {"__ndarray__": [[3], "float64", [0.0, 0.0, 0.0]]}, "A": {"__ndarray__": [[3], "float64", [0.0, 0.0, 0.5]]}, "H": {"__ndarray__": [[3], "float64", [0.3333333333333333, 0.3333333333333333, 0.5]]}, "K": {"__ndarray__": [[3], "float64", [0.3333333333333333, 0.3333333333333333, 0.0]]}, "L": {"__ndarray__": [[3], "float64", [0.5, 0.0, 0.5]]}, "M": {"__ndarray__": [[3], "float64", [0.5, 0.0, 0.0]]}, "Kpt0": {"__ndarray__": [[3], "float64", [0.3333333333333333, -0.6666666666666666, 0.0]]}, "Kpt1": {"__ndarray__": [[3], "float64", [0.5, -0.5, 0.0]]}}, "labelseq": "Kpt0Kpt1", "cell": {"array": {"__ndarray__": [[3, 3], "float64", [1.66, -2.875204340564336, 0.0, 1.66, 2.875204340564336, 0.0, 0.0, 0.0, 43.338]]}, "__ase_objtype__": "cell"}, "__ase_objtype__": "bandpath"}, "energies": {"__ndarray__": [[1, 30, 26], "float64", [-64.2570745453022, -38.47261655878648, -38.44525440754458, -38.39654873804488, -15.572753652549325, -15.446609170840699, -8.3366860748483, -7.847264589485482, -7.32008631149778, -6.762674121772613, -6.305998417018751, -5.47491644171046, -3.3924537703561417, -1.960120542262004, -0.8176123489563576, -0.37474964384035825, 0.9067880884454217, 3.1367986451939065, 3.449112117066811, 5.5373510846470255, 6.258139753148619, 6.588791236527583, 7.229648918135814, 7.617552522815748, 7.863008280238917, 8.12497560323581, -64.25707925535761, -38.47316528993395, -38.44456482722674, -38.39657166033756, -15.573787915669486, -15.447238141142138, -8.33516329193289, -7.858867540909362, -7.306999108679236, -6.7608761780962325, -6.307299892217675, -5.472422478989688, -3.3952028749744505, -1.9568017425177853, -0.8160114903474798, -0.3786573486749066, 0.9048164995291809, 3.1237053627192397, 3.4691485415704224, 5.529858937876802, 6.244055210369616, 6.590025035072449, 7.225688310535208, 7.307993158646396, 7.619124146792905, 7.986731608021612, -64.25710915599966, -38.47471481185754, -38.4426112188079, -38.39663943778562, -15.576789954124527, -15.44911615632313, -8.33078487541333, -7.891116499233605, -7.2714733075742455, -6.754388741456127, -6.310907054774502, -5.46530897092433, -3.403076535138702, -1.9471603735295635, -0.8109395715018408, -0.3900052917435419, 0.8988150197558845, 3.0883382897527576, 3.5249112006953744, 5.5089378145353445, 6.205870128569164, 6.591082815918828, 7.20762254946709, 7.306962347288362, 7.634659778823015, 7.926191177678239, -64.25715096630427, -38.476991912780754, -38.43968154751952, -38.3967473904094, -15.581576040877007, -15.452119646380348, -8.323844163536466, -7.937874393283797, -7.22220068427193, -6.7407828236123715, -6.316273307597839, -5.4542301032619775, -3.4153566750359348, -1.9318301110906257, -0.8020096820283344, -0.40812218531771133, 0.888734579923373, 3.040384172910564, 3.6059907720834574, 5.477355855377363, 6.150066975043156, 6.587856857396359, 7.171976350883764, 7.309903756205243, 7.684518033933638, 7.891627650298124, -64.25721749782447, -38.47972508565686, -38.436071781054984, -38.396893847148256, -15.587990678658322, -15.456179619258812, -8.314656191260053, -7.993332760165584, -7.168784539132376, -6.716433357275199, -6.322769832753394, -5.439928006034136, -3.431214079813124, -1.9116209747240993, -0.7888722967644554, -0.43227038932322415, 0.8745725802450335, 2.986792181965475, 3.704612298329893, 5.437953803415144, 6.08217220262024, 6.577368322454804, 7.122414643639511, 7.309543294552384, 7.6657889609166165, 7.849983586284354, -64.25729135079492, -38.48271404002577, -38.431997180374026, -38.39707341296072, -15.595829568506838, -15.461165062788128, -8.303547499001237, -8.053482493950268, -7.119820051938388, -6.67692968969097, -6.3297399796403315, -5.423168986708251, -3.449769680646781, -1.8874132142042475, -0.7712055595295566, -0.46165283969706467, 0.8564180542992447, 2.931064951266273, 3.8164073723539578, 5.393243257446386, 6.00622447776393, 6.558596598461865, 7.064331513108754, 7.29165446218435, 7.621679124198579, 7.703700106619901, -64.25738042745995, -38.485833363987524, -38.427606980085066, -38.39728363594293, -15.604926228534337, -15.466991160535288, -8.290855833580999, -8.115826276893163, -7.081413826216861, -6.618873203527237, -6.3365483022617735, -5.404709787411029, -3.4701821063967633, -1.8601220536766678, -0.7487309193751157, -0.4954799654163996, 0.8344109414386064, 2.874909328836198, 3.938754607760945, 5.345257266932687, 5.924944298092704, 6.532170026074441, 7.001482682319336, 7.2479372284070145, 7.569635347173754, 7.64975258266917, -64.25748072969863, -38.48900073953504, -38.423004025549986, -38.39752130086099, -15.615090233771689, -15.473543559047235, -8.276925364693746, -8.17880450125978, -7.05561647326921, -6.541999186343876, -6.342608134605582, -5.38525950326585, -3.491685519255915, -1.8306152835304839, -0.7212296018495494, -0.5329721897252452, 0.8087386577067603, 2.819213037653593, 4.069833933855185, 5.295558902794338, 5.840129553150106, 6.499594181117869, 6.93678858211528, 7.186244985784426, 7.461786671113705, 7.865177373896535, -64.25759944467559, -38.49216593459717, -38.418263216630045, -38.397783916474744, -15.62616377266237, -15.480726862107648, -8.2620992833288, -8.241419523485256, -7.040923741743412, -6.449058102077935, -6.3474030771336185, -5.365460234419585, -3.5136256599218902, -1.7997133389513944, -0.688526407724475, -0.5733822246001179, 0.7796628291247352, 2.764470530573588, 4.208165263408428, 5.245314157508071, 5.7529446447778, 6.462564891573167, 6.8688696407109395, 7.120555501821936, 7.353794511159843, 7.366996263175647, -64.25772136966286, -38.495290678070354, -38.413441441176126, -38.398065320899086, -15.637943168958211, -15.488413929982027, -8.302993822373779, -8.246712081688626, -7.034514590254309, -6.350495486461236, -6.343803587683899, -5.345873398671359, -3.535467740420244, -1.7681515647697417, -0.6504982379478099, -0.6159868278621845, 0.7475084196078798, 2.7109807650321613, 4.352376568786852, 5.195377532678921, 5.664199939452105, 6.422661831956883, 6.800968679795693, 7.004525914055561, 7.194118792802868, 7.2423466847574725, -64.2578461109722, -38.498348662974244, -38.40858893974786, -38.39836065557584, -15.650265893747486, -15.496495532901559, -8.36305081632134, -8.231084513655293, -7.033856432136401, -6.351531030536685, -6.229529627907754, -5.326984696368259, -3.556810381527385, -1.7366002671083378, -0.6601044293913754, -0.6070926738269059, 0.7126471313212889, 2.658921072702579, 4.500974143085952, 5.146360587403297, 5.574586426967612, 6.381083849554777, 6.732850518689901, 6.8581226218059115, 7.045820979630885, 7.158991604106329, -64.25797467234109, -38.50132168911563, 