{"path": {"kpts": {"__ndarray__": [[30, 3], "float64", [0.3333333333333333, -0.6666666666666666, 0.0, 0.3390804597701149, -0.6609195402298851, 0.0, 0.3448275862068965, -0.6551724137931034, 0.0, 0.3505747126436781, -0.6494252873563218, 0.0, 0.3563218390804598, -0.6436781609195402, 0.0, 0.3620689655172414, -0.6379310344827587, 0.0, 0.367816091954023, -0.632183908045977, 0.0, 0.3735632183908046, -0.6264367816091954, 0.0, 0.3793103448275862, -0.6206896551724137, 0.0, 0.3850574712643678, -0.6149425287356322, 0.0, 0.3908045977011494, -0.6091954022988505, 0.0, 0.39655172413793105, -0.603448275862069, 0.0, 0.40229885057471265, -0.5977011494252873, 0.0, 0.40804597701149425, -0.5919540229885057, 0.0, 0.41379310344827586, -0.5862068965517242, 0.0, 0.41954022988505746, -0.5804597701149425, 0.0, 0.42528735632183906, -0.5747126436781609, 0.0, 0.43103448275862066, -0.5689655172413792, 0.0, 0.4367816091954023, -0.5632183908045977, 0.0, 0.44252873563218387, -0.557471264367816, 0.0, 0.4482758620689655, -0.5517241379310345, 0.0, 0.4540229885057471, -0.5459770114942528, 0.0, 0.45977011494252873, -0.5402298850574713, 0.0, 0.4655172413793104, -0.5344827586206897, 0.0, 0.47126436781609193, -0.5287356321839081, 0.0, 0.4770114942528736, -0.5229885057471264, 0.0, 0.48275862068965514, -0.5172413793103448, 0.0, 0.4885057471264368, -0.5114942528735633, 0.0, 0.49425287356321834, -0.5057471264367817, 0.0, 0.5, -0.5, 0.0]]}, "special_points": {"G": {"__ndarray__": [[3], "float64", [0.0, 0.0, 0.0]]}, "A": {"__ndarray__": [[3], "float64", [0.0, 0.0, 0.5]]}, "H": {"__ndarray__": [[3], "float64", [0.3333333333333333, 0.3333333333333333, 0.5]]}, "K": {"__ndarray__": [[3], "float64", [0.3333333333333333, 0.3333333333333333, 0.0]]}, "L": {"__ndarray__": [[3], "float64", [0.5, 0.0, 0.5]]}, "M": {"__ndarray__": [[3], "float64", [0.5, 0.0, 0.0]]}, "Kpt0": {"__ndarray__": [[3], "float64", [0.3333333333333333, -0.6666666666666666, 0.0]]}, "Kpt1": {"__ndarray__": [[3], "float64", [0.5, -0.5, 0.0]]}}, "labelseq": "Kpt0Kpt1", "cell": {"array": {"__ndarray__": [[3, 3], "float64", [1.6595, -2.8743383151605517, 0.0, 1.6595, 2.8743383151605517, 0.0, 0.0, 0.0, 43.146]]}, "__ase_objtype__": "cell"}, "__ase_objtype__": "bandpath"}, "energies": {"__ndarray__": [[1, 30, 26], "float64", [-76.97525966820044, -41.614186095407256, -41.584319330024755, -41.45516425576494, -16.053259390646385, -15.750507165555119, -8.870038537430542, -8.651573960168392, -7.790530969723007, -7.142578507625014, -6.458272903335877, -5.308715028466261, -3.327247517708968, -1.9993736482944515, 0.07678614374172096, 0.501919359053352, 1.9449873107028908, 3.13387354270119, 3.1895787019041615, 5.612593773333705, 6.440965821227853, 6.961897501410487, 7.422696371213409, 7.576833750049376, 8.052286323084395, 8.281083683549891, -76.97526424468398, -41.61463676660424, -41.583735585866314, -41.45518576015007, -16.05445338508591, -15.751072611568963, -8.868052812433756, -8.65941512469127, -7.781181522579611, -7.14091180222001, -6.459903868999644, -5.306435382243321, -3.332263159668819, -1.992312470936228, 0.0781963442173424, 0.4956069388962502, 1.9420443562223817, 3.0810320272366374, 3.2501605018502557, 5.60823653612132, 6.424628431106335, 6.951538685745499, 7.395581592885046, 7.414907313846713, 7.613593453713114, 8.164075190356993, -76.97527756404, -41.6159318804374, -41.582052653048194, -41.455248349782075, -16.05790897871228, -15.752724639157403, -8.86222630070469, -8.682410836292345, -7.754543252236566, -7.135048387207265, -6.4646309276707035, -5.299874408273829, -3.346560600869763, -1.971932874024743, 0.08276294074072503, 0.4775421625645363, 1.932973692797422, 3.0081176869871853, 3.345393549119606, 5.596410282470213, 6.381203563232857, 6.922981005622759, 7.335787965234246, 7.43495823741253, 7.6916733837521, 7.996016387568592, -76.97529899195932, -41.61788821738012, -41.57947160331008, -41.455349026407745, -16.063429939169467, -15.755391435558904, -8.852772514260273, -8.718383429964646, -7.714664020118373, -7.123171103810853, -6.472114341407705, -5.28954247678304, -3.3686107159707173, -1.93989070021729, 0.09095951045802057, 0.44919635170263916, 1.9175236989720823, 2.9341245304061583, 3.4547731937497095, 5.578946905476122, 6.31888876825304, 6.881816877722207, 7.265450946007941, 7.465092683703218, 7.735601146151396, 7.796232235162829, -76.97532787419763, -41.620292440034696, -41.57622448325314, -41.45548467528984, -16.070815907728853, -15.758995211349314, -8.83992800056048, -8.764268510269549, -7.667313247926081, -7.1026611403704045, -6.481922218619039, -5.276043021871045, -3.396605468238301, -1.8981785656354895, 0.10321328342985471, 0.4121330566369237, 1.895598024851867, 2.8600939535246055, 3.57566941677741, 5.557489124663609, 6.2440532631587775, 6.8331864935753, 7.190812100664717, 7.453942072320621, 7.693589249257519, 7.977175444640699, -76.97536349967446, -41.62297197099277, -41.57250338391351, -41.45565203431739, -16.07985807725241, -15.76345205912121, -8.823951387741177, -8.81708688623859, -7.618907447591429, -7.070190456196052, -6.493566740625838, -5.2600318847698455, -3.4287429492828543, -1.8488390200319087, 0.11990591787786961, 0.3678899449146122, 1.8672601919284935, 2.786168836554798, 3.7063802206985534, 5.5333966527380705, 6.160997818808008, 6.7806792403847895, 7.113824352157552, 7.425084101135473, 7.605341149802001, 7.7811533081146385, -76.97540517267932, -41.62580562241968, -41.56844968889985, -41.45584776729581, -16.09035130649939, -15.768672301613696, -8.874385931241449, -8.805122826567235, -7.575379949666286, -7.022416067139165, -6.50653877003933, -5.242179359547093, -3.4634140418205077, -1.7937785867105183, 0.1413674121088704, 0.31790320650290393, 1.83273161191883, 2.712349233037465, 3.8454516072930267, 5.507714032091612, 6.072462214462214, 6.7264919252332245, 7.035294873321443, 7.366896561676367, 7.47397869173266, 7.652805017016939, -76.97545218403015, -41.62871168095218, -41.56416584138199, -41.45606847102957, -16.102089197869518, -15.774566297670033, -8.934294770171611, -8.783742971831161, -7.540809524728832, -6.957291498811088, -6.52033528201528, -5.22313972158395, -3.4992875486068766, -1.7346820804777696, 0.16787174296675952, 0.26347382015209597, 1.7923824422762882, 2.6385966492298163, 3.99158435778123, 5.481187264753795, 5.9801608061678575, 6.671974806318933, 6.955623896491942, 7.284751062979618, 7.398616823516814, 7.560190980265522, -76.97550378330922, -41.631634614770704, -41.55972850545465, -41.45631068674798, -16.11486664937236, -15.78103863571153, -8.9954236609439, -8.76013102645297, -7.516535409808648, -6.87504863921257, -6.534478746959305, -5.203527049891866, -3.535326163149345, -1.672995876234473, 0.19963301946324966, 0.2057609704616251, 1.7467203025559501, 2.564869597497728, 4.143614454308355, 5.454300376085399, 5.885161534251523, 6.617945998292816, 6.8750301419868745, 7.178436828907476, 7.29658857954684, 7.4191425484868025, -76.97555923104031, -41.63453558168661, -41.55519799232211, -41.456570920913435, -16.128483555721786, -15.78799400503317, -9.056741982485098, -8.734623023545305, -7.501624150251821, -6.77785516080852, -6.548529936536683, -5.183900152613295, -3.5707668955916927, -1.6099491139348705, 0.1457903243177037, 0.2367981589122054, 1.6963734289668508, 2.491126459877873, 4.300474390493056, 5.427315648880686, 5.788138654886903, 6.564861811485678, 6.7936801178478365, 7.048859561458911, 7.220035866859409, 7.307456436909756, -76.97561777632147, -41.63738635850385, -41.550624124428204, -41.45684567434752, -16.142744332829317, -15.795335285197732, -9.11747521907294, -8.707569358549625, -7.494149205997498, -6.6686378505933055, -6.562095736929967, -5.164751940228909, -3.6050872790898474, -1.5465874953763636, 0.08447310199896417, 0.27943593909294895, 1.6420755643627827, 2.4173369259849333, 4.461142668463159, 5.4003069497803935, 5.6895651650675925, 6.51284064256086, 6.711779330867515, 6.898588285361253, 7.165282905485122, 7.2196746585822, -76.9756786750821, -41.6401656250316, -41.54604988295567, 