{"path": {"kpts": {"__ndarray__": [[30, 3], "float64", [-0.3333333333333333, 0.6666666666666666, 0.0, -0.3218390804597701, 0.6609195402298851, 0.0, -0.31034482758620685, 0.6551724137931034, 0.0, -0.29885057471264365, 0.6494252873563218, 0.0, -0.28735632183908044, 0.6436781609195402, 0.0, -0.27586206896551724, 0.6379310344827587, 0.0, -0.26436781609195403, 0.632183908045977, 0.0, -0.25287356321839083, 0.6264367816091954, 0.0, -0.24137931034482757, 0.6206896551724137, 0.0, -0.22988505747126436, 0.6149425287356322, 0.0, -0.21839080459770113, 0.6091954022988505, 0.0, -0.20689655172413793, 0.603448275862069, 0.0, -0.1954022988505747, 0.5977011494252873, 0.0, -0.1839080459770115, 0.5919540229885057, 0.0, -0.1724137931034483, 0.5862068965517242, 0.0, -0.16091954022988503, 0.5804597701149425, 0.0, -0.14942528735632182, 0.5747126436781609, 0.0, -0.13793103448275862, 0.5689655172413792, 0.0, -0.1264367816091954, 0.5632183908045977, 0.0, -0.11494252873563218, 0.557471264367816, 0.0, -0.10344827586206895, 0.5517241379310345, 0.0, -0.09195402298850575, 0.5459770114942528, 0.0, -0.08045977011494254, 0.5402298850574713, 0.0, -0.06896551724137928, 0.5344827586206897, 0.0, -0.05747126436781608, 0.5287356321839081, 0.0, -0.04597701149425287, 0.5229885057471264, 0.0, -0.03448275862068967, 0.5172413793103448, 0.0, -0.022988505747126464, 0.5114942528735633, 0.0, -0.01149425287356326, 0.5057471264367817, 0.0, 0.0, 0.5, 0.0]]}, "special_points": {"G": {"__ndarray__": [[3], "float64", [0.0, 0.0, 0.0]]}, "A": {"__ndarray__": [[3], "float64", [0.0, 0.0, 0.5]]}, "H": {"__ndarray__": [[3], "float64", [0.3333333333333333, 0.3333333333333333, 0.5]]}, "K": {"__ndarray__": [[3], "float64", [0.3333333333333333, 0.3333333333333333, 0.0]]}, "L": {"__ndarray__": [[3], "float64", [0.5, 0.0, 0.5]]}, "M": {"__ndarray__": [[3], "float64", [0.5, 0.0, 0.0]]}, "Kpt0": {"__ndarray__": [[3], "float64", [-0.3333333333333333, 0.6666666666666666, 0.0]]}, "Kpt1": {"__ndarray__": [[3], "float64", [0.0, 0.5, 0.0]]}}, "labelseq": "Kpt0Kpt1", "cell": {"array": {"__ndarray__": [[3, 3], "float64", [1.593, -2.7591569364572215, 0.0, 1.593, 2.7591569364572215, 0.0, 0.0, 0.0, 43.359]]}, "__ase_objtype__": "cell"}, "__ase_objtype__": "bandpath"}, "energies": {"__ndarray__": [[1, 30, 26], "float64", [-77.65082825723668, -42.1730588735242, -42.15128275744372, -42.05881634819923, -15.682713027750697, -15.676738973760274, -9.005057669902962, -8.74524162870232, -7.897958876009981, -7.375829118461097, -6.913906824694005, -6.24974258870985, -3.655244302402285, -1.6129055330549618, -0.8691682282220168, -0.1394183305273466, 1.3689132853412032, 2.3968303985699952, 3.343404595241903, 5.454596734684005, 6.440542342981924, 7.193031912429486, 7.571291091827873, 7.69613947195466, 7.811597188183077, 8.660507973682806, -77.65083469375061, -42.17423086757027, -42.149927260653946, -42.058840317810436, -15.683994936893487, -15.677439263596975, -9.00328683316922, -8.752509070095977, -7.889476219322658, -7.3739978632178715, -6.915557968258314, -6.246996143697698, -3.659120246995069, -1.6088707087279928, -0.8671856666099261, -0.14111516520100775, 1.3654585026722823, 2.393212637135954, 3.3514722477301215, 5.451774045987385, 6.425106481538432, 7.181122894649992, 7.546398070748984, 7.724135840431509, 7.763155036229097, 8.439523401547298, -77.65085848209401, -42.17721146883508, -42.14641956644785, -42.05891586918996, -15.6877480765169, -15.679489073844712, -8.998172650619338, -8.774001113721825, -7.865374051641867, -7.367557964249431, -6.920067341639491, -6.239236995462967, -3.6703431422317165, -1.5968776237863855, -0.8610456516392265, -0.14596685030806816, 1.3549404899050024, 2.3811402230276886, 3.3763914815858724, 5.443884811484271, 6.382878465112906, 7.149864584478611, 7.49104178761828, 7.6360202903899115, 7.783673434346408, 8.146825711268823, -77.65089466213789, -42.181110108588385, -42.14166760355919, -42.05903614334679, -15.693727057750747, -15.682782726533222, -8.990031195174153, -8.807929789564055, -7.829725651638148, -7.354374200557553, -6.926635847008917, -6.22729946987781, -3.6880782723683776, -1.5774210876053691, -0.8504659059915355, -0.15355601961821563, 1.3372484354427594, 2.359758123602922, 3.418246497969807, 5.431818871963923, 6.320421222286946, 7.1059553735886976, 7.423497117728266, 7.492817163378494, 7.847137781753531, 7.927559799596749, -77.65094425900818, -42.18540537072432, -42.13622232808752, -42.059198782174, -15.70170881931696, -15.687242975472717, -8.979206869731955, -8.851580610344461, -7.78861216608069, -7.331259990594843, -6.934379838854316, -6.212107297992171, -3.7112811297484707, -1.551339929158146, -0.8352042291028744, -0.16342820785748194, 1.31237966707519, 2.329394792407057, 3.4758704694945233, 5.416380968096467, 6.243573279676932, 7.053942543177782, 7.348722869065615, 7.349081082781827, 7.893422663214044, 7.901442086516985, -77.65100534624683, -42.1898490123391, -42.130357122602156, -42.05939889554808, -15.71148220715852, -15.692735872629003, -8.966066745930144, -8.902204946345647, -7.7488685574609075, -7.294319556389888, -6.942417364704128, -6.1945668710694965, -3.7388088310860748, -1.5196899275261397, -0.8150604552058579, -0.1751172292859215, 1.280471152636964, 2.2912141964040154, 3.5472099658336034, 5.3982747390988495, 6.156883898309897, 6.994082587301433, 7.197370290885903, 7.268339296323029, 7.871155299728684, 7.9315966178802935, -77.65107423707154, -42.19431885778504, -42.12421715475539, -42.05963076296997, -15.722804455972028, -15.699138796807947, -8.957478651902886, -8.950997233933265, -7.716280443068729, -7.24029324524695, -6.949929611230912, -6.1755180733447235, -3.7695211026919466, -1.4836257284337007, -0.789875312166909, -0.18818053121505057, 1.2417668084615228, 2.2467286913773825, 3.6297662744519656, 5.378100707869688, 6.063797403187633, 6.915617480005108, 7.052227022024039, 7.183143539664453, 7.826219265046798, 7.9156478203206815, -77.65114947947694, -42.198747738920794, -42.117897138277044, -42.059890479223036, -15.735442212516833, -15.706340737979108, -9.015591660106171, -8.934397998924243, -7.69375478980461, -7.168294757618993, -6.956190363655183, -6.155705984850243, -3.8023609560890455, -1.4443079595130979, -0.759539245161329, -0.20222701284034172, 1.196632542800629, 2.1974663830080075, 3.720857949785435, 5.356336472027453, 5.967009621984759, 6.788580732109707, 6.94829639194798, 7.0936757562753066, 7.759888835670832, 7.8443392318859155, -77.65123544236752, -42.20309762877004, -42.11147211007401, -42.060180105679585, -15.749196422667458, -15.714255255666892, -9.075181026022523, -8.916675854646186, -7.681084100036765, -7.080115184410829, -6.960581455743941, -6.135776988752345, -3.836405096402891, -1.4028391940572438, -0.7239982420706491, -0.21693305700622517, 1.1455330487085358, 2.1448004593577266, 3.8176706688179887, 5.333345433868323, 5.86885869975604, 6.622017093991246, 6.879930850561644, 7.000440723962962, 7.682811738815462, 7.735110465406999, -77.65132689693976, -42.2073441314878, -42.10499177668204, -42.06048892236099, -15.76382575803447, -15.722745408125887, -9.135220204613937, -8.898235726172457, -7.676407224972503, -6.978859289814823, -6.962589535278645, -6.116270258840705, -3.8708905520485697, -1.3602127036032117, -0.6832464267507345, -0.23204316738840122, 1.0890431061029253, 2.0899253776111166, 3.9171860578440265, 5.3093869078847495, 5.7717174794645105, 6.442476232248027, 6.823011573404916, 6.904076488800729, 7.611296161353332, 7.632991671242196, -77.65142141568535, -42.21146233977675, -42.09850516851645, -42.06081536349279, -15.779114974288856, -15.73168507718939, -9.194928691573972, -8.879469618570232, -7.677645338526229, -6.9618066714284685, -6.867607234518243, -6.097634687175981, -3.9052262740110093, -1.3172932818810374, -0.6373389080347979, -0.24739221743143072, 1.0278182460843228, 2.033841743696229, 4.015873531152361, 5.284589713206208, 5.678420451059806, 6.2587260510944525, 6.770650855191244, 6.805482785462613, 7.539941403553966, 7.554452844170843, 