{"path": {"kpts": {"__ndarray__": [[30, 3], "float64", [0.3333333333333333, -0.6666666666666666, 0.0, 0.3390804597701149, -0.6609195402298851, 0.0, 0.3448275862068965, -0.6551724137931034, 0.0, 0.3505747126436781, -0.6494252873563218, 0.0, 0.3563218390804598, -0.6436781609195402, 0.0, 0.3620689655172414, -0.6379310344827587, 0.0, 0.367816091954023, -0.632183908045977, 0.0, 0.3735632183908046, -0.6264367816091954, 0.0, 0.3793103448275862, -0.6206896551724137, 0.0, 0.3850574712643678, -0.6149425287356322, 0.0, 0.3908045977011494, -0.6091954022988505, 0.0, 0.39655172413793105, -0.603448275862069, 0.0, 0.40229885057471265, -0.5977011494252873, 0.0, 0.40804597701149425, -0.5919540229885057, 0.0, 0.41379310344827586, -0.5862068965517242, 0.0, 0.41954022988505746, -0.5804597701149425, 0.0, 0.42528735632183906, -0.5747126436781609, 0.0, 0.43103448275862066, -0.5689655172413792, 0.0, 0.4367816091954023, -0.5632183908045977, 0.0, 0.44252873563218387, -0.557471264367816, 0.0, 0.4482758620689655, -0.5517241379310345, 0.0, 0.4540229885057471, -0.5459770114942528, 0.0, 0.45977011494252873, -0.5402298850574713, 0.0, 0.4655172413793104, -0.5344827586206897, 0.0, 0.47126436781609193, -0.5287356321839081, 0.0, 0.4770114942528736, -0.5229885057471264, 0.0, 0.48275862068965514, -0.5172413793103448, 0.0, 0.4885057471264368, -0.5114942528735633, 0.0, 0.49425287356321834, -0.5057471264367817, 0.0, 0.5, -0.5, 0.0]]}, "special_points": {"G": {"__ndarray__": [[3], "float64", [0.0, 0.0, 0.0]]}, "A": {"__ndarray__": [[3], "float64", [0.0, 0.0, 0.5]]}, "H": {"__ndarray__": [[3], "float64", [0.3333333333333333, 0.3333333333333333, 0.5]]}, "K": {"__ndarray__": [[3], "float64", [0.3333333333333333, 0.3333333333333333, 0.0]]}, "L": {"__ndarray__": [[3], "float64", [0.5, 0.0, 0.5]]}, "M": {"__ndarray__": [[3], "float64", [0.5, 0.0, 0.0]]}, "Kpt0": {"__ndarray__": [[3], "float64", [0.3333333333333333, -0.6666666666666666, 0.0]]}, "Kpt1": {"__ndarray__": [[3], "float64", [0.5, -0.5, 0.0]]}}, "labelseq": "Kpt0Kpt1", "cell": {"array": {"__ndarray__": [[3, 3], "float64", [1.592, -2.7574248856496526, 0.0, 1.592, 2.7574248856496526, 0.0, 0.0, 0.0, 43.127]]}, "__ase_objtype__": "cell"}, "__ase_objtype__": "bandpath"}, "energies": {"__ndarray__": [[1, 30, 26], "float64", [-64.9288667331858, -39.20554154507268, -39.164501690037795, -39.049236922212884, -15.990867331059485, -15.890138120715184, -9.384987895610642, -8.585820053534011, -8.086680043659122, -7.570489703216723, -6.9024609889946165, -6.167458441801887, -4.058743655889769, -2.3973660652628053, -0.995178067060557, -0.540659516099864, 0.7730057744590774, 3.1579632521305543, 3.5617886128938476, 5.538442538564469, 6.3543244327279425, 7.076433337889806, 7.568090469753348, 7.6002032135099284, 7.997550282231235, 8.690417939982378, -64.92888441279823, -39.206421344456906, -39.16340665017504, -39.04927187245894, -15.991966591043766, -15.890738743417078, -9.382909849038416, -8.598346599324037, -8.074623822184448, -7.567075307741264, -6.905418021350271, -6.1640731692286925, -4.0621062887743005, -2.3931249465848854, -0.9937140355017982, -0.5446234383763359, 0.7706712048027233, 3.149454917161267, 3.5762743656781177, 5.533416948752617, 6.344428902976848, 7.067995086435933, 7.551445901174409, 7.599569721211032, 7.984162312858231, 8.44658314104532, -64.92893584549672, -39.20888839706047, -39.16031208169273, -39.04937350590082, -15.995145549374053, -15.89249633355357, -9.37679739927188, -8.632598353089541, -8.043613653044403, -7.555079524484609, -6.9138799943849, -6.154446809669096, -4.071722833721827, -2.3807892705918183, -0.9890473143121893, -0.5561319849020426, 0.763529225338053, 3.124144507546083, 3.619133916824992, 5.519297440522807, 6.316239767729094, 7.044545924938808, 7.493074235776751, 7.595697350248774, 7.953848157875696, 8.43513624161099, -64.92901856467284, -39.21249238283411, -39.155696729982466, -39.04953690784151, -16.00022705474524, -15.89533276854664, -9.366850847005898, -8.681596612494335, -8.004113846894374, -7.531160036725295, -6.927007825088481, -6.139597850961899, -4.086706130637873, -2.3611639520695697, -0.9807934511385731, -0.5745299026881894, 0.751429964454986, 3.0860327857595053, 3.6857123280703594, 5.497676460495831, 6.272522908578051, 7.008024934207034, 7.389532470401105, 7.584013603829813, 7.855622471911924, 7.914058111010812, -64.92913002025695, -39.21679018706304, -39.15003375857395, -39.04975701004569, -16.007027425564747, -15.899169568755136, -9.353297021223728, -8.73924468650994, -7.966032101122631, -7.491675986591833, -6.943800087833101, -6.12070586000907, -4.106015724245385, -2.335263893902141, -0.9686091208274386, -0.5990890218375663, 0.7343137494627958, 3.0400307297474747, 3.770361896353134, 5.470200924540204, 6.216225305305809, 6.9602861867095775, 7.267894148673082, 7.559317302544207, 7.848147370388784, 7.867991035298733, -64.92926750763903, -39.221471447936175, -39.14366463889361, -39.05002853172441, -16.01535495534764, -15.903915662553088, -9.336386485292383, -8.801537129590828, -7.9358833769382695, -7.434303783860588, -6.9632330162815235, -6.098961321558521, -4.128563306576524, -2.304209842699998, -0.952193815613219, -0.6290404449602943, 0.7122135464799777, 2.9896537974142863, 3.8687787899161914, 5.438424789236793, 6.150026544573675, 6.898988076078731, 7.139362065805769, 7.517968043322028, 7.818095634781306, 7.862912756262882, -64.92942833886116, -39.226340949151826, -39.13681725154716, -39.05034612378805, -16.025027125501378, -15.909486033595977, -9.31639622842331, -8.86603504462048, -7.9159389195191245, -7.359425018082158, -6.984360977278581, -6.07546980985246, -4.153303287839677, -2.2691423719860553, -0.9312983833240818, -0.6636073879244246, 0.6852504622687168, 2.9370582314144817, 3.9779817112451985, 5.4037190373062565, 6.076137861827221, 6.815090733069591, 7.01872073600676, 7.459603163777046, 7.760605058582994, 7.870436622412325, -64.92960965672334, -39.231276304599525, -39.129647013088125, -39.050704172794376, -16.035848815805654, -15.915775405187546, -9.29362335363656, -8.931230992390386, -7.905292161492426, -7.269672474918944, -7.006352933092641, -6.051196560503036, -4.179291013004953, -2.2311606898754466, -0.9057232794215652, -0.7020198283799788, 0.6536422738890999, 2.8835465338040813, 4.0958120986092865, 5.367236479713757, 5.996282334182764, 6.697313699235868, 6.922738237814004, 7.3861889517626675, 7.689629601621785, 7.851587100346433, -64.92980868930353, -39.23619839764021, -39.122267474630526, -39.05109705374934, -16.04763869383656, -15.922691274811957, -9.268390520479862, -8.996152885597043, -7.901828352552598, -7.168376814475444, -7.028509858034066, -6.02696162214987, -4.205721917355066, -2.191288585382607, -0.8753311454363566, -0.7435326201394781, 0.6176909104593196, 2.8299309152530623, 4.2205521130516805, 5.329905566300742, 5.911764830905041, 6.5504785180688945, 6.85005371377836, 7.297582032733639, 7.6067516138498545, 7.796265466750896, -64.93002251870385, -39.24105313544742, -39.114767143170624, -39.05151916841372, -16.06020793165178, -15.930131610632783, -9.24103896597238, -9.060133308776217, -7.90351403022548, -7.058483997286565, -7.05024967523867, -6.0034386792606504, -4.2319449452866795, -2.15045844738075, -0.840047387181793, -0.7874249851988956, 0.5777818897328166, 2.7767438601434757, 4.350671239393974, 5.292447331271965, 5.823604846834724, 6.3879462506751015, 6.789454110629182, 7.19487286251045, 7.51984855634527, 7.71440484295709, -64.93024826495926, -39.24580161569894, -39.10721981194227, -39.05196478878025, -16.073379951815763, -15.937986769600922, -9.211928662126518, -9.122689577983968, -7.908801649251424, -7.07109269908612, -6.942286867658465, -5.981171999718356, -4.257466800494017, -2.1095106455090735, -0.833004722533925, -0.7998659609438771, 0.5343770688615848, 2.724352486771133, 4.484613436537201, 5.255395223782121, 5.7327111583025845, 6.217825504973034, 6.734797383636665, 7.080193077439457, 7.4354325108604264, 7.625267894090647, -64.93048307132423, -39.25041445834175, 