{"path": {"kpts": {"__ndarray__": [[30, 3], "float64", [0.3333333333333333, -0.6666666666666666, 0.0, 0.3390804597701149, -0.6609195402298851, 0.0, 0.3448275862068965, -0.6551724137931034, 0.0, 0.3505747126436781, -0.6494252873563218, 0.0, 0.3563218390804598, -0.6436781609195402, 0.0, 0.3620689655172414, -0.6379310344827587, 0.0, 0.367816091954023, -0.632183908045977, 0.0, 0.3735632183908046, -0.6264367816091954, 0.0, 0.3793103448275862, -0.6206896551724137, 0.0, 0.3850574712643678, -0.6149425287356322, 0.0, 0.3908045977011494, -0.6091954022988505, 0.0, 0.39655172413793105, -0.603448275862069, 0.0, 0.40229885057471265, -0.5977011494252873, 0.0, 0.40804597701149425, -0.5919540229885057, 0.0, 0.41379310344827586, -0.5862068965517242, 0.0, 0.41954022988505746, -0.5804597701149425, 0.0, 0.42528735632183906, -0.5747126436781609, 0.0, 0.43103448275862066, -0.5689655172413792, 0.0, 0.4367816091954023, -0.5632183908045977, 0.0, 0.44252873563218387, -0.557471264367816, 0.0, 0.4482758620689655, -0.5517241379310345, 0.0, 0.4540229885057471, -0.5459770114942528, 0.0, 0.45977011494252873, -0.5402298850574713, 0.0, 0.4655172413793104, -0.5344827586206897, 0.0, 0.47126436781609193, -0.5287356321839081, 0.0, 0.4770114942528736, -0.5229885057471264, 0.0, 0.48275862068965514, -0.5172413793103448, 0.0, 0.4885057471264368, -0.5114942528735633, 0.0, 0.49425287356321834, -0.5057471264367817, 0.0, 0.5, -0.5, 0.0]]}, "special_points": {"G": {"__ndarray__": [[3], "float64", [0.0, 0.0, 0.0]]}, "A": {"__ndarray__": [[3], "float64", [0.0, 0.0, 0.5]]}, "H": {"__ndarray__": [[3], "float64", [0.3333333333333333, 0.3333333333333333, 0.5]]}, "K": {"__ndarray__": [[3], "float64", [0.3333333333333333, 0.3333333333333333, 0.0]]}, "L": {"__ndarray__": [[3], "float64", [0.5, 0.0, 0.5]]}, "M": {"__ndarray__": [[3], "float64", [0.5, 0.0, 0.0]]}, "Kpt0": {"__ndarray__": [[3], "float64", [0.3333333333333333, -0.6666666666666666, 0.0]]}, "Kpt1": {"__ndarray__": [[3], "float64", [0.5, -0.5, 0.0]]}}, "labelseq": "Kpt0Kpt1", "cell": {"array": {"__ndarray__": [[3, 3], "float64", [1.6595, -2.8743383151605517, 0.0, 1.6595, 2.8743383151605517, 0.0, 0.0, 0.0, 43.146]]}, "__ase_objtype__": "cell"}, "__ase_objtype__": "bandpath"}, "energies": {"__ndarray__": [[1, 30, 26], "float64", [-76.97503157277822, -41.614207058752946, -41.58433508329013, -41.45509625777513, -16.052591867427452, -15.749801306155105, -8.870090466515403, -8.651559653366428, -7.790496977888912, -7.14243957992833, -6.4582646984184455, -5.308684496258626, -3.327329387595115, -1.9993854282809542, 0.07725931116365155, 0.5019122747321868, 1.9451472362701019, 3.13471078009462, 3.1904125801778656, 5.614521866498758, 6.444094752795601, 6.964194249891925, 7.418863466745998, 7.566345558424374, 7.943948420529284, 8.167883207002614, -76.97503530745779, -41.61465723379532, -41.58375118115286, -41.45511637916863, -16.053786239394647, -15.75036124511126, -8.868104370861852, -8.659401834187772, -7.78114753687682, -7.14077182429014, -6.459895823971421, -5.306403422532865, -3.3323439685814695, -1.9923248274414909, 0.07866933826937896, 0.4956011563480274, 1.9422088602010334, 3.081869895969297, 3.250995565449302, 5.610174634431727, 6.427743011746141, 6.953640324488484, 7.389667829046448, 7.41231763944427, 7.602535343016241, 8.042868291376676, -76.97504769061433, -41.61595189529115, -41.58206685686705, -41.45517842305714, -16.057236387299167, -15.7520092118155, -8.862277574254026, -8.682397862717442, -7.75450691874839, -7.134908136102189, -6.4646231550742455, -5.299842450151261, -3.3466387083451323, -1.9719477574952848, 0.08323511217534589, 0.4775384140657156, 1.9331410135347615, 3.008956505100662, 3.3462279289210097, 5.598374367205274, 6.384295059474211, 6.9246742910831705, 7.327563237335984, 7.427718954940945, 7.665098008473244, 7.8766134394873895, -76.97506964346239, -41.61790924317391, -41.579485868011666, -41.45527929448228, -16.06276227600651, -15.754677339664777, -8.852823462094507, -8.718371958064942, -7.714624610855188, -7.123033019383724, -6.472107593345864, -5.289510239775741, -3.368685225767146, -1.939909914921786, 0.09143011576546926, 0.44919498288275805, 1.9176964623670458, 2.9349636764665092, 3.455606019863482, 5.580946078903575, 6.321961659546656, 6.883057827101007, 7.25561109647655, 7.455784125312055, 7.647038390242713, 7.6936798404417726, -76.97509798248923, -41.620312861120794, -41.57623805583707, -41.455414934231534, -16.070142354748878, -15.75827996921562, -8.839978267185947, -8.764257441686967, -7.667267740301203, -7.102525511350103, -6.481916577790642, -5.276010099903365, -3.3966753577326125, -1.8982032853035036, 0.10368309962826104, 0.41213479672031844, 1.8957810398559671, 2.860933771256309, 3.5764998089079043, 5.559529218427111, 6.247116433425975, 6.83392242797868, 7.179760293894791, 7.424921296303938, 7.668502307684936, 7.830308622212597, -76.97513261726742, -41.62299240994861, -41.5725160521555, -41.45558066815056, -16.079183729550405, -15.762729490581426, -8.824000705484568, -8.817076926645576, -7.6188551916146725, -7.070059274602669, -6.493562450239548, -5.259996960133391, -3.4288074547194802, -1.848869003428791, 0.12037388677278237, 0.36789423334120147, 1.86745461334862, 2.7870093449078666, 3.7072103607672715, 5.535479711979399, 6.164055771930133, 6.780919372165406, 7.101979826895089, 7.382393852858773, 7.462572758699206, 7.651857941504607, -76.97517365827909, -41.625826244819045, -41.56846058573957, -41.45577630073084, -16.089674500425065, -15.767946020030555, -8.874376907022762, -8.80517127522974, -7.575318528163987, -7.022290949513183, -6.506536094068482, -5.242144518185841, -3.463472781019189, -1.793814618671778, 0.1418319821442783, 0.3179085229936767, 1.8329368072588668, 2.713189995485316, 3.846279718545841, 5.509840303929988, 6.075517114501254, 6.726226195407909, 7.0230065259936145, 7.32438843612935, 7.362943470440399, 7.541606289245179, -76.97522096959415, -41.62873336389073, -41.56417614617053, -41.45599703612379, -16.101414305399487, -15.77384231747338, -8.934287667150791, -8.783790315893475, -7.540738149960823, -6.957172687669056, -6.520335141663926, -5.223104149354018, -3.4993403145039066, -1.734724706990521, 0.16833348015803376, 0.26347980924219694, 1.792601034898662, 2.639438221755447, 3.9924124920949917, 5.48335727908075, 5.983211972882024, 6.67120108759234, 6.943281180925962, 7.243742541315977, 7.284257027894697, 7.443378725413567, -76.97527156378364, -41.631656184263676, -41.55973680615564, -41.45623875707792, -16.114192923600335, -15.780303742368245, -8.995417182859443, -8.760176680387737, -7.516454123979841, -6.874937392162298, -6.53448090562629, -5.203490021095371, -3.535373121092548, -1.6730449232439186, 0.2000928090203064, 0.20576627770494094, 1.7469576837191085, 2.5657122529537895, 4.144443995101582, 5.456514386456443, 5.888204289941789, 6.6166636794422935, 6.862976472470422, 7.148025171575325, 7.198315184795943, 7.3418429204803815, -76.97532600375229, -41.63455717031622, -41.55520382380172, -41.456498680231476, -16.127809231409234, -15.787251052734529, -9.056736330467444, -8.73466674176968, -7.5015341551027195, -6.77775006887446, -6.548534695114664, -5.1838618269943435, -3.5708075726967627, -1.610004379399763, 0.14579459527450234, 0.237255122031003, 1.696627892741998, 2.4919717350618824, 4.301306952173487, 5.429573524804815, 5.7911676714938505, 6.563074624140799, 6.782237374614599, 7.032847064286979, 7.107564759980166, 7.209021484944049, -76.97538259953863, -41.637408004085394, -41.55062635176554, -41.45677196287669, -16.142074469275748, -15.794568942804926, -9.117470073918756, -8.70761045163188, -7.494052692245988, -6.668539026526379, -6.562103070192011, -5.164710398149347, -3.605122151811873, -1.5466480251178978, 0.08447469576674534, 0.279891073765558, 1.6423506503554142, 2.418182923435235, 4.461980114882386, 5.402608393745095, 5.692571618342249, 6.51056461470542, 6.701186747591138, 6.892762703192749, 7.059754847098681, 7.108890768725241, -76.97544311218418, -41.64018703217556, -41.54605100074492, 