{"path": {"kpts": {"__ndarray__": [[30, 3], "float64", [0.3333333333333333, -0.6666666666666666, 0.0, 0.3390804597701149, -0.6609195402298851, 0.0, 0.3448275862068965, -0.6551724137931034, 0.0, 0.3505747126436781, -0.6494252873563218, 0.0, 0.3563218390804598, -0.6436781609195402, 0.0, 0.3620689655172414, -0.6379310344827587, 0.0, 0.367816091954023, -0.632183908045977, 0.0, 0.3735632183908046, -0.6264367816091954, 0.0, 0.3793103448275862, -0.6206896551724137, 0.0, 0.3850574712643678, -0.6149425287356322, 0.0, 0.3908045977011494, -0.6091954022988505, 0.0, 0.39655172413793105, -0.603448275862069, 0.0, 0.40229885057471265, -0.5977011494252873, 0.0, 0.40804597701149425, -0.5919540229885057, 0.0, 0.41379310344827586, -0.5862068965517242, 0.0, 0.41954022988505746, -0.5804597701149425, 0.0, 0.42528735632183906, -0.5747126436781609, 0.0, 0.43103448275862066, -0.5689655172413792, 0.0, 0.4367816091954023, -0.5632183908045977, 0.0, 0.44252873563218387, -0.557471264367816, 0.0, 0.4482758620689655, -0.5517241379310345, 0.0, 0.4540229885057471, -0.5459770114942528, 0.0, 0.45977011494252873, -0.5402298850574713, 0.0, 0.4655172413793104, -0.5344827586206897, 0.0, 0.47126436781609193, -0.5287356321839081, 0.0, 0.4770114942528736, -0.5229885057471264, 0.0, 0.48275862068965514, -0.5172413793103448, 0.0, 0.4885057471264368, -0.5114942528735633, 0.0, 0.49425287356321834, -0.5057471264367817, 0.0, 0.5, -0.5, 0.0]]}, "special_points": {"G": {"__ndarray__": [[3], "float64", [0.0, 0.0, 0.0]]}, "A": {"__ndarray__": [[3], "float64", [0.0, 0.0, 0.5]]}, "H": {"__ndarray__": [[3], "float64", [0.3333333333333333, 0.3333333333333333, 0.5]]}, "K": {"__ndarray__": [[3], "float64", [0.3333333333333333, 0.3333333333333333, 0.0]]}, "L": {"__ndarray__": [[3], "float64", [0.5, 0.0, 0.5]]}, "M": {"__ndarray__": [[3], "float64", [0.5, 0.0, 0.0]]}, "Kpt0": {"__ndarray__": [[3], "float64", [0.3333333333333333, -0.6666666666666666, 0.0]]}, "Kpt1": {"__ndarray__": [[3], "float64", [0.5, -0.5, 0.0]]}}, "labelseq": "Kpt0Kpt1", "cell": {"array": {"__ndarray__": [[3, 3], "float64", [1.66, -2.875204340564336, 0.0, 1.66, 2.875204340564336, 0.0, 0.0, 0.0, 43.338]]}, "__ase_objtype__": "cell"}, "__ase_objtype__": "bandpath"}, "energies": {"__ndarray__": [[1, 30, 26], "float64", [-64.25967687879015, -38.47427260869099, -38.44692102233177, -38.39798690205291, -15.574035600786933, -15.447784991177649, -8.337078144437623, -7.847779184642836, -7.3205396526638555, -6.763240653628393, -6.306460352579097, -5.475440561854592, -3.393078322594139, -1.960764680969188, -0.8185832817053881, -0.37560027526520473, 0.9059415428672278, 3.135614380683979, 3.447665598586154, 5.535186954174043, 6.255560381808906, 6.586480791154843, 7.232500700287915, 7.645298513907946, 7.986206088335943, 8.238027831421558, -64.25968693515723, -38.47482228031969, -38.44623274220111, -38.39801006454405, -15.575074592810935, -15.44842729667574, -8.335556407779183, -7.859381553597083, -7.307455616169136, -6.761444182408222, -6.307762226583867, -5.472947061326907, -3.3958298781779495, -1.957446123077068, -0.8169837467462607, -0.3795118544317912, 0.9039644000730384, 3.122505113359365, 3.4677153158520952, 5.527687649158107, 6.241494664577438, 6.587816265940538, 7.2297230849118295, 7.316008463652959, 7.64947191645015, 8.102328186821847, -64.25971621241477, -38.47637139221774, -38.444279717562495, -38.39807751299175, -15.578078801685363, -15.450299066986386, -8.331178157097423, -7.8916244555141075, -7.271936977338298, -6.754956862757339, -6.31136963717325, -5.465833699198943, -3.403702822504352, -1.947803119336103, -0.8119124894196963, -0.39086087748080817, 0.8979614883560688, 3.087107603245406, 3.5235069897209286, 5.506749104892381, 6.203349865744097, 6.58916700402659, 7.2147314663296465, 7.3196611800773965, 7.669072227028347, 8.00826837642868, -64.25976331396778, -38.478649463912674, -38.44135108023269, -38.398186027268494, -15.58287635099733, -15.453309061940281, -8.324238710455974, -7.938377520144917, -7.222673749448821, -6.741351648234726, -6.316736064467705, -5.4547541499539065, -3.415983787502253, -1.9324761968714768, -0.8029836839745026, -0.40898127935262324, 0.887875786563812, 3.0391261824302975, 3.604611297628263, 5.47514387819577, 6.147580026048105, 6.586425069903808, 7.183180296778761, 7.32867740136905, 7.711677847612845, 7.972812627460626, -64.25982677243243, -38.48138172429919, -38.43774115068981, -38.398332183939544, -15.589288321469839, -15.457361275896583, -8.315051227754873, -7.993829610106392, -7.169267037824601, -6.716998448670308, -6.323232317785228, -5.440449902880964, -3.431838210470468, -1.9122691352107544, -0.7898431801297937, -0.43312673350082653, 0.8737163548577763, 2.9855150368217966, 3.7032532071645723, 5.4357184016434665, 6.079711829774946, 6.5766080311571065, 7.137781810566607, 7.337509626390291, 7.725029915959232, 7.94752278800711, -64.25990508775708, -38.48437049908825, -38.43366806734396, -38.39851256619371, -15.597134520122925, -15.462355209391331, -8.303943467314786, -8.053975585725354, -7.120314456614222, -6.677489897038259, -6.33020295561613, -5.423691924844488, -3.4503926471263187, -1.8880694419785224, -0.772175214423807, -0.4625109472352378, 0.855557952474333, 2.9297701425041174, 3.8150614401882903, 5.39098531839576, 6.003774937181286, 6.558655975096058, 7.0831788997277885, 7.334802434934602, 7.713928721885089, 7.8485948863710595, -64.25999667406218, -38.48748877651613, -38.42927976667336, -38.39872350545622, -15.606231787961981, -15.46818483708716, -8.291253282665648, -8.116314198758305, -7.081920818891001, -6.619428472302039, -6.337011332113161, -5.405234676034959, -3.4708029958169915, -1.8607810400467075, -0.7497045689288658, -0.4963394272475003, 0.8335401918039624, 2.873600775079371, 3.9374213786515075, 5.342978573771897, 5.922500954854, 6.533156507442682, 7.022993471022376, 7.3072606893380385, 7.699760663351803, 7.747988988412138, -64.26009995897462, -38.490656013178054, -38.42467843219749, -38.3989613562388, -15.616399501869589, -15.474744025396753, -8.277323915671252, -8.179289574625352, -7.056134290266417, -6.542548354049541, -6.3430714493148095, -5.385784881615432, -3.4923043143076096, -1.831277804093943, -0.7222021424193598, -0.5338326917453649, 0.8078643415780835, 2.8178926028360247, 4.068505885356735, 5.293262082354914, 5.837682226665553, 6.501564661099593, 6.959744984586539, 7.250902801481115, 7.5711554902429645, 7.969990645449549, -64.26021331041673, -38.49381962353526, -38.41993869451079, -38.3992223245045, -15.627458334886521, -15.481923089631126, -8.262498142216723, -8.241901185920273, -7.0414487322985915, -6.449601714515715, -6.347865889782881, -5.365983114709115, -3.514240818112394, -1.8003745798005315, -0.689492194622261, -0.5742393758704905, 0.7787906825810235, 2.7631410877382026, 4.206844661886514, 5.243002865356978, 5.750491295904724, 6.465538129897021, 6.894002858846345, 7.164022254186235, 7.477112174676884, 7.517561177372977, -64.26033510660643, -38.49694350320424, -38.415118989294285, -38.39950271663586, -15.639233487513533, -15.489613302165553, -8.3034737123645, -8.247111865927716, -7.0350457531369255, -6.350957169607634, -6.344344999215641, -5.3463946882779165, -3.536080796924628, -1.768815149684274, -0.6514589966023067, -0.6168424791619395, 0.7466345592258453, 2.7096405356309226, 4.351061310717586, 5.193052727288979, 5.661735969655892, 6.426586961970385, 6.827072221046403, 7.031868258413143, 7.278332333205481, 7.372162306189012, -64.26046369575539, -38.500001722719006, -38.41026774709236, -38.39979875067246, -15.651554754379905, -15.49770609154169, -8.363528692285275, -8.231486964199817, -7.034392409703594, -6.351992133850703, -6.230070922533508, -5.327506834213818, -3.557420952148506, -1.7372697832988508, -0.6609598275211155, -0.6080527598432949, 0.7117626337207003, 2.657575411030982, 4.499663429522785, 5.144022093573571, 5.5721121759131265, 6.385922947941393, 6.758987277285705, 6.868412500482875, 7.160736400624548, 7.280857350080968, -64.26059744873808, -38.5029746197591, 