{"path": {"kpts": {"__ndarray__": [[30, 3], "float64", [0.3333333333333333, -0.6666666666666666, 0.0, 0.3390804597701149, -0.6609195402298851, 0.0, 0.3448275862068965, -0.6551724137931034, 0.0, 0.3505747126436781, -0.6494252873563218, 0.0, 0.3563218390804598, -0.6436781609195402, 0.0, 0.3620689655172414, -0.6379310344827587, 0.0, 0.367816091954023, -0.632183908045977, 0.0, 0.3735632183908046, -0.6264367816091954, 0.0, 0.3793103448275862, -0.6206896551724137, 0.0, 0.3850574712643678, -0.6149425287356322, 0.0, 0.3908045977011494, -0.6091954022988505, 0.0, 0.39655172413793105, -0.603448275862069, 0.0, 0.40229885057471265, -0.5977011494252873, 0.0, 0.40804597701149425, -0.5919540229885057, 0.0, 0.41379310344827586, -0.5862068965517242, 0.0, 0.41954022988505746, -0.5804597701149425, 0.0, 0.42528735632183906, -0.5747126436781609, 0.0, 0.43103448275862066, -0.5689655172413792, 0.0, 0.4367816091954023, -0.5632183908045977, 0.0, 0.44252873563218387, -0.557471264367816, 0.0, 0.4482758620689655, -0.5517241379310345, 0.0, 0.4540229885057471, -0.5459770114942528, 0.0, 0.45977011494252873, -0.5402298850574713, 0.0, 0.4655172413793104, -0.5344827586206897, 0.0, 0.47126436781609193, -0.5287356321839081, 0.0, 0.4770114942528736, -0.5229885057471264, 0.0, 0.48275862068965514, -0.5172413793103448, 0.0, 0.4885057471264368, -0.5114942528735633, 0.0, 0.49425287356321834, -0.5057471264367817, 0.0, 0.5, -0.5, 0.0]]}, "special_points": {"G": {"__ndarray__": [[3], "float64", [0.0, 0.0, 0.0]]}, "A": {"__ndarray__": [[3], "float64", [0.0, 0.0, 0.5]]}, "H": {"__ndarray__": [[3], "float64", [0.3333333333333333, 0.3333333333333333, 0.5]]}, "K": {"__ndarray__": [[3], "float64", [0.3333333333333333, 0.3333333333333333, 0.0]]}, "L": {"__ndarray__": [[3], "float64", [0.5, 0.0, 0.5]]}, "M": {"__ndarray__": [[3], "float64", [0.5, 0.0, 0.0]]}, "Kpt0": {"__ndarray__": [[3], "float64", [0.3333333333333333, -0.6666666666666666, 0.0]]}, "Kpt1": {"__ndarray__": [[3], "float64", [0.5, -0.5, 0.0]]}}, "labelseq": "Kpt0Kpt1", "cell": {"array": {"__ndarray__": [[3, 3], "float64", [1.6595, -2.8743383151605517, 0.0, 1.6595, 2.8743383151605517, 0.0, 0.0, 0.0, 43.146]]}, "__ase_objtype__": "cell"}, "__ase_objtype__": "bandpath"}, "energies": {"__ndarray__": [[1, 30, 26], "float64", [-76.97511002169209, -41.61426778989497, -41.5843955692836, -41.455193163383, -16.052677224406533, -15.749885571363198, -8.870177237538863, -8.651654401914588, -7.790574446414019, -7.142499101646768, -6.458348179670534, -5.308745128957843, -3.3273946460623756, -1.9994742733199549, 0.07719467136474892, 0.5018508133246824, 1.9450627067656032, 3.1346547147366386, 3.1903605037759077, 5.6144942144685235, 6.444072681323083, 6.964190182347376, 7.418866319105036, 7.566344078771801, 7.943938071122251, 8.167948250918467, -76.97511375635975, -41.61471796194141, -41.583811669972825, -41.455213284777905, -16.053871598004243, -15.750445507829863, -8.868191136885159, -8.659496370043826, -7.781225147810582, -7.140831419182178, -6.459979286030613, -5.306464082639058, -3.332409337341488, -1.992413557761067, 0.07860467227778539, 0.49553969945078635, 1.9421243810232736, 3.081815105460921, 3.2509421929804825, 5.610147049351802, 6.427721317535793, 6.953637035286351, 7.389670888621243, 7.412331057014284, 7.602533431859703, 8.042852905411594, -76.97512613949546, -41.616012616023724, -41.582127352631005, -41.45527532867643, -16.05732175083879, -15.752093467550488, -8.862364323980163, -8.682491819198383, -7.754584864873639, -7.134967984178729, -6.464706567093874, -5.299903186150553, -3.346704383582317, -1.9720361679044112, 0.08317036957462873, 0.4774769669340597, 1.9330566834341294, 3.008901962085896, 3.346174244040033, 5.598346944894743, 6.384274150685061, 6.92467284046414, 7.3275669503108904, 7.427727921785989, 7.6650960203255005, 7.87666877055259, -76.97514809233013, -41.61796995525944, -41.57954637165098, -41.45537620011918, -16.062847647479035, -15.754761584394425, -8.852910182121777, -8.71846511400554, -7.714702853459429, -7.123093386809459, -6.472190938129708, -5.289571088270246, -3.3687513508024063, -1.9399978526066453, 0.09136524865508894, 0.44913354419301244, 1.917612375647865, 2.934909155059337, 3.455552203898336, 5.580918874081915, 6.321941546696211, 6.88305843636601, 7.255615294966388, 7.455789537853673, 7.647041771172872, 7.6936221848175625, -76.9751764313364, -41.62037356556707, -41.57629856607753, -41.455511839891166, -16.070227736889787, -15.758364199305303, -8.840064941975342, -8.76434972089783, -7.667345962349226, -7.102586797699038, -6.481999853450323, -5.276071084072847, -3.3967420171445317, -1.8982906553873125, 0.10361806221650405, 0.41207335847288723, 1.8956972843571585, 2.8608791956500563, 3.576445892797224, 5.559502265479159, 6.247096934518505, 6.833925006214446, 7.1797651813780705, 7.424925060493262, 7.668957619583855, 7.8303311394740085, -76.97521106606878, -41.62305310853808, -41.57257656696705, -41.45567757383387, -16.07926912482602, -15.76281370294709, -8.8240873173192, -8.817168346810314, -7.618932841989133, -7.070122019531756, -6.493645670034194, -5.260058090088473, -3.4288746830456236, -1.8489557599457367, 0.12030863491418929, 0.36783278131145, 1.8673712689677318, 2.7869546708537976, 3.70715634315725, 5.5354530410768765, 6.164036642628295, 6.780923606081246, 7.101984492504297, 7.382398047013964, 7.462713762204816, 7.6518726018647305, -76.97525210703544, -41.6258869393121, -41.5685211031533, -41.45587320644081, -16.089759911119952, -15.768030211975613, -8.87446753008922, -8.805257804245597, -7.5753949811000645, -7.022355722956594, -6.5066192849173365, -5.242205792508228, -3.4635405773757744, -1.7939007495293842, 0.14176647274679322, 0.31784703743696063, 1.832853944672664, 2.713135188120359, 3.846225587218994, 5.509813951257623, 6.075498104589722, 6.726231807170491, 7.0230113791512965, 7.324386653555391, 7.3629579757368315, 7.541660283903313, -76.97529941831478, -41.62879405574522, -41.56423666451044, -41.456093941872105, -16.101499733442704, -15.77392648685022, -8.934377568704718, -8.783876740123613, -7.540812960781052, -6.957239864435794, -6.520418341915278, -5.223165557344435, -3.499408656718781, -1.734810219355144, 0.16826767054129063, 0.2634182653684985, 1.792518714997477, 2.6393832492614364, 3.992358229142292, 5.483331292156777, 5.983192843799131, 6.671207857473478, 6.943285710503355, 7.243734641338061, 7.284296349237377, 7.4433966337168895, -76.97535001245139, -41.631716874634805, -41.559797324104785, -41.45633566286693, -16.11427837062608, -15.780387887343476, -8.99550643740035, -8.760262975895115, -7.5165271963266544, -6.875006999308612, -6.534564162556944, -5.203551545124015, -3.5354419765536775, -1.6731298320798174, 0.20002665616469253, 0.20570464591235976, 1.7468759579087567, 2.56565708443476, 4.144389577770336, 5.456488825794681, 5.888184820108342, 6.616671423693568, 6.8629803396324265, 7.148006573356541, 7.198333323334035, 7.341839733556143, -76.97540445236736, -41.634617860073924, -41.555264340342376, -41.45659558606977, -16.12789469879955, -15.787335172019876, -9.056825005705653, -8.734752882870554, -7.501605680619042, -6.7778218515381745, -6.548618062503665, -5.183923444906767, -3.5708769056207195, -1.6100886994060515, 0.14573284090779837, 0.23718858150764432, 1.6965468041226912, 2.4919163399127426, 4.301252351532024, 5.429548463014925, 5.791147659576948, 6.563083172484683, 6.7822403885128955, 7.032808294196126, 7.107570438140718, 7.209007232087048, -76.97546104807891, -41.63746869387879, -41.550686866135926, -41.45686886875614, -16.14215995804353, -15.794653035462225, -9.117558229454561, -8.707696411222303, -7.494122980396092, -6.668612619270943, -6.562186606154696, -5.164772084950062, -3.6051919276009454, -1.5467317652446924, 0.08441277843794118, 0.2798240982792056, 1.6422702355891066, 2.418127271392843, 4.461925292187279, 5.402583912948871, 5.692550890073967, 6.510573761535057, 6.701188643494843, 6.892707400900138, 7.059757124441455, 7.108890391384078, -76.97552156067265, -41.64024772248653, 