{"path": {"kpts": {"__ndarray__": [[30, 3], "float64", [-0.3333333333333333, 0.6666666666666666, 0.0, -0.3218390804597701, 0.6609195402298851, 0.0, -0.31034482758620685, 0.6551724137931034, 0.0, -0.29885057471264365, 0.6494252873563218, 0.0, -0.28735632183908044, 0.6436781609195402, 0.0, -0.27586206896551724, 0.6379310344827587, 0.0, -0.26436781609195403, 0.632183908045977, 0.0, -0.25287356321839083, 0.6264367816091954, 0.0, -0.24137931034482757, 0.6206896551724137, 0.0, -0.22988505747126436, 0.6149425287356322, 0.0, -0.21839080459770113, 0.6091954022988505, 0.0, -0.20689655172413793, 0.603448275862069, 0.0, -0.1954022988505747, 0.5977011494252873, 0.0, -0.1839080459770115, 0.5919540229885057, 0.0, -0.1724137931034483, 0.5862068965517242, 0.0, -0.16091954022988503, 0.5804597701149425, 0.0, -0.14942528735632182, 0.5747126436781609, 0.0, -0.13793103448275862, 0.5689655172413792, 0.0, -0.1264367816091954, 0.5632183908045977, 0.0, -0.11494252873563218, 0.557471264367816, 0.0, -0.10344827586206895, 0.5517241379310345, 0.0, -0.09195402298850575, 0.5459770114942528, 0.0, -0.08045977011494254, 0.5402298850574713, 0.0, -0.06896551724137928, 0.5344827586206897, 0.0, -0.05747126436781608, 0.5287356321839081, 0.0, -0.04597701149425287, 0.5229885057471264, 0.0, -0.03448275862068967, 0.5172413793103448, 0.0, -0.022988505747126464, 0.5114942528735633, 0.0, -0.01149425287356326, 0.5057471264367817, 0.0, 0.0, 0.5, 0.0]]}, "special_points": {"G": {"__ndarray__": [[3], "float64", [0.0, 0.0, 0.0]]}, "A": {"__ndarray__": [[3], "float64", [0.0, 0.0, 0.5]]}, "H": {"__ndarray__": [[3], "float64", [0.3333333333333333, 0.3333333333333333, 0.5]]}, "K": {"__ndarray__": [[3], "float64", [0.3333333333333333, 0.3333333333333333, 0.0]]}, "L": {"__ndarray__": [[3], "float64", [0.5, 0.0, 0.5]]}, "M": {"__ndarray__": [[3], "float64", [0.5, 0.0, 0.0]]}, "Kpt0": {"__ndarray__": [[3], "float64", [-0.3333333333333333, 0.6666666666666666, 0.0]]}, "Kpt1": {"__ndarray__": [[3], "float64", [0.0, 0.5, 0.0]]}}, "labelseq": "Kpt0Kpt1", "cell": {"array": {"__ndarray__": [[3, 3], "float64", [1.593, -2.7591569364572215, 0.0, 1.593, 2.7591569364572215, 0.0, 0.0, 0.0, 43.359]]}, "__ase_objtype__": "cell"}, "__ase_objtype__": "bandpath"}, "energies": {"__ndarray__": [[1, 30, 26], "float64", [-77.65070170329294, -42.17295322369597, -42.15117707350307, -42.05869287087684, -15.68263832383128, -15.676663733019293, -9.004988778477543, -8.745170690266079, -7.897897501738432, -7.3757664220896135, -6.913838400686371, -6.2496760116559855, -3.655178210682065, -1.6128221152508628, -0.8690954791871482, -0.13934491315562242, 1.3689996636791086, 2.39688685245615, 3.3434594542409, 5.454633801915007, 6.440585390026412, 7.193054613212498, 7.571319908337959, 7.696161121833078, 7.811657778160791, 8.660578854913911, -77.65070813986348, -42.17412522765031, -42.14982156590286, -42.0587168406636, -15.68392023622963, -15.677364025408831, -9.003217942803259, -8.752438259354085, -7.889414707606544, -7.373935173953035, -6.915489534739683, -6.246929568933325, -3.659054145494624, -1.6087873048677686, -0.8671129046788992, -0.1410417268662285, 1.3655448387964217, 2.3932690896265574, 3.3515271174086023, 5.451811100715384, 6.425149168373522, 7.181145291646661, 7.546424430995082, 7.724160531677393, 7.763211780453794, 8.439756501118643, -77.65073192830337, -42.17710585119563, -42.1463138467568, -42.05879239253899, -15.687673384512895, -15.679413842779587, -8.99810376460461, -8.773930654894906, -7.865312161502288, -7.367495292801704, -6.919998876754068, -6.239170428944224, -3.670277014417184, -1.5967942558753077, -0.8609728514794774, -0.14589334986888933, 1.355026697554271, 2.3811966623154257, 3.376446392913639, 5.443921843286589, 6.382920324762668, 7.14988623448431, 7.4910652306192285, 7.636061692649004, 7.783702483998934, 8.146754132658636, -77.65076810852824, -42.18100451661723, -42.14156185392093, -42.058912667493516, -15.693652379566496, -15.682707506844906, -8.989962318635474, -8.807859823988563, -7.829663236782211, -7.3543115457133545, -6.926567325277041, -6.227232919131262, -3.6880121073118612, -1.5773377700197744, -0.8503930427781853, -0.15348241557838613, 1.3373344272016823, 2.3598145303806004, 3.4183014907187843, 5.431855886011242, 6.3204621154888, 7.105976393506468, 7.423518650133394, 7.492858036345786, 7.847170326440555, 7.9275613915812375, -77.65081770563391, -42.185299804677776, -42.1361165467342, -42.05907530739164, -15.701634159396848, -15.687167771002217, -8.979138009667869, -8.851511192083636, -7.788549195040775, -7.331197323250491, -6.934311232162688, -6.212040771056774, -3.71121492246502, -1.551256670574202, -0.835131278644681, -0.16335445707849403, 1.312465356888703, 2.3294511476611293, 3.4759255847884734, 5.416417976424825, 6.243613263862169, 7.053963901785107, 7.3487432284066925, 7.349125409083419, 7.893438030001606, 7.901477526983288, -77.65087879315944, -42.189743471728576, -42.13025130863676, -42.0592754220863, -15.711407569386173, -15.692660686834195, -8.965997911180391, -8.902136069942657, -7.748805103207538, -7.294256802360676, -6.942348643190357, -6.1945003756681265, -3.7387425819675206, -1.5196067333831698, -0.8149873939109396, -0.17504328645551795, 1.2805564581278677, 2.2912704866782456, 3.5472652415894106, 5.398311753159896, 6.156923117674254, 6.994107000483976, 7.197413513336315, 7.268359072212137, 7.871167701716105, 7.9316277915282445, -77.65094768435817, -42.19421334194112, -42.12411130760325, -42.059507291052086, -15.722729843629416, -15.699063632782838, -8.957410281954886, -8.950928435070054, -7.71621664850016, -7.240230290253406, -6.949860744068075, -6.175451616230333, -3.769454816189485, -1.483542603477957, -0.7898021171407134, -0.18810634906581275, 1.2418516530673451, 2.246784910523677, 3.629821744841768, 5.378137732923821, 6.063836026823294, 6.915653789131419, 7.052259369586913, 7.183163243339541, 7.826228733015214, 7.9156789543708665, -77.65102292722194, -42.198642247117505, -42.1177912575647, -42.059767009048194, -15.735367628368222, -15.706265598447562, -9.015523750754502, -8.934329248061484, -7.693690806359386, -7.168231489368109, -6.9561213196251375, -6.155639571478402, -3.802294639158853, -1.4442249100652271, -0.759465894120588, -0.20215254288014434, 1.1967168576847251, 2.197522532109276, 3.720913646093889, 5.356373503054935, 5.967047815857513, 6.788633999850309, 6.94831230232448, 7.093695829403838, 7.759887909184233, 7.844347334506061, -77.6511088905704, -42.202992160246644, -42.11136619559585, -42.060056637419606, -15.749121868910594, -15.714180142788038, -9.075113530829878, -8.916607165113636, -7.6810200364197865, -7.080051533986715, -6.960512203709395, -6.135710623044318, -3.836338757016947, -1.4027562296632787, -0.7239247132891793, -0.2168582508467971, 1.1456167740261876, 2.1448565457003776, 3.817726620013428, 5.333382452810031, 5.868896616186099, 6.622075469512495, 6.879941907179517, 7.000461527073814, 7.68280765213879, 7.735206450466236, -77.65120034564276, -42.20723868543579, -42.104885828411106, -42.060365456152674, -15.763751236380518, -15.722670323505001, -9.135153080700414, -8.898167112088839, -7.6763431390182175, -6.978795235828313, -6.962520044647802, -6.1162039434193245, -3.870824197956227, -1.3601298379018043, -0.6831726991148659, -0.23196797846718833, 1.0891261919971347, 2.089981414119665, 3.9172422879103435, 5.309423881514188, 5.7717552566091, 6.44253606682422, 6.823021281005405, 6.904098267339733, 7.611293727486527, 7.633078032642314, -77.65129486495204, -42.21135691538028, -42.09839918661982, -42.06069189945199, -15.779040486233649, -15.731610022169672, -9.194861900832425, -8.87940109436662, -7.677581254348912, -6.961736912616462, -6.867542784992851, -6.097568423474443, -3.9051599118525835, -1.3172105326169747, -0.6372649609126055, -0.24731660321756682, 1.0279006531113983, 2.0338977486935588, 4.015930050376902, 5.284626591524137, 5.678458220020128, 6.258786667262024, 6.77065981997659, 6.805505663245478, 7.539935404459205, 7.554458620873678, -77.65139849905495, 