{"path": {"kpts": {"__ndarray__": [[30, 3], "float64", [0.3333333333333333, -0.6666666666666666, 0.0, 0.3390804597701149, -0.6609195402298851, 0.0, 0.3448275862068965, -0.6551724137931034, 0.0, 0.3505747126436781, -0.6494252873563218, 0.0, 0.3563218390804598, -0.6436781609195402, 0.0, 0.3620689655172414, -0.6379310344827587, 0.0, 0.367816091954023, -0.632183908045977, 0.0, 0.3735632183908046, -0.6264367816091954, 0.0, 0.3793103448275862, -0.6206896551724137, 0.0, 0.3850574712643678, -0.6149425287356322, 0.0, 0.3908045977011494, -0.6091954022988505, 0.0, 0.39655172413793105, -0.603448275862069, 0.0, 0.40229885057471265, -0.5977011494252873, 0.0, 0.40804597701149425, -0.5919540229885057, 0.0, 0.41379310344827586, -0.5862068965517242, 0.0, 0.41954022988505746, -0.5804597701149425, 0.0, 0.42528735632183906, -0.5747126436781609, 0.0, 0.43103448275862066, -0.5689655172413792, 0.0, 0.4367816091954023, -0.5632183908045977, 0.0, 0.44252873563218387, -0.557471264367816, 0.0, 0.4482758620689655, -0.5517241379310345, 0.0, 0.4540229885057471, -0.5459770114942528, 0.0, 0.45977011494252873, -0.5402298850574713, 0.0, 0.4655172413793104, -0.5344827586206897, 0.0, 0.47126436781609193, -0.5287356321839081, 0.0, 0.4770114942528736, -0.5229885057471264, 0.0, 0.48275862068965514, -0.5172413793103448, 0.0, 0.4885057471264368, -0.5114942528735633, 0.0, 0.49425287356321834, -0.5057471264367817, 0.0, 0.5, -0.5, 0.0]]}, "special_points": {"G": {"__ndarray__": [[3], "float64", [0.0, 0.0, 0.0]]}, "A": {"__ndarray__": [[3], "float64", [0.0, 0.0, 0.5]]}, "H": {"__ndarray__": [[3], "float64", [0.3333333333333333, 0.3333333333333333, 0.5]]}, "K": {"__ndarray__": [[3], "float64", [0.3333333333333333, 0.3333333333333333, 0.0]]}, "L": {"__ndarray__": [[3], "float64", [0.5, 0.0, 0.5]]}, "M": {"__ndarray__": [[3], "float64", [0.5, 0.0, 0.0]]}, "Kpt0": {"__ndarray__": [[3], "float64", [0.3333333333333333, -0.6666666666666666, 0.0]]}, "Kpt1": {"__ndarray__": [[3], "float64", [0.5, -0.5, 0.0]]}}, "labelseq": "Kpt0Kpt1", "cell": {"array": {"__ndarray__": [[3, 3], "float64", [1.66, -2.875204340564336, 0.0, 1.66, 2.875204340564336, 0.0, 0.0, 0.0, 43.338]]}, "__ase_objtype__": "cell"}, "__ase_objtype__": "bandpath"}, "energies": {"__ndarray__": [[1, 30, 26], "float64", [-64.25707454530084, -38.472616558784395, -38.4452544075431, -38.3965487380443, -15.572753652546716, -15.446609170838057, -8.336686074846265, -7.847264589483569, -7.320086311495568, -6.762674121770347, -6.3059984170167365, -5.474916441708715, -3.3924537703542312, -1.9601205422608676, -0.8176123489549799, -0.37474964383847276, 0.9067880884470535, 3.13679864519567, 3.449112117068197, 5.537351084647967, 6.258139753149851, 6.588791236529499, 7.229648918146475, 7.617552522838953, 7.863008280245174, 8.124975353474422, -64.25707925535625, -38.473165289932275, -38.44456482722524, -38.39657166033759, -15.57378791566643, -15.447238141139112, -8.335163291930906, -7.858867540907391, -7.306999108677025, -6.76087617809404, -6.307299892215431, -5.472422478987962, -3.395202874972539, -1.9568017425166198, -0.8160114903461073, -0.3786573486729507, 0.9048164995308347, 3.1237053627210245, 3.4691485415718173, 5.529858937877717, 6.244055210370871, 6.590025035077243, 7.225688310542949, 7.307993174412316, 7.619124146267972, 7.986731087439816, -64.25710915599866, -38.4747148118559, -38.44261121880653, -38.39663943778503, -15.576789954121827, -15.449116156320411, -8.330784875411329, -7.891116499231593, -7.271473307571921, -6.754388741453758, -6.310907054772392, -5.4653089709225045, -3.4030765351368015, -1.9471603735283822, -0.8109395715004961, -0.3900052917416504, 0.8988150197575696, 3.088338289754464, 3.52491120069681, 5.508937814536219, 6.20587012857041, 6.591082815917383, 7.2076225494783905, 7.306962347101994, 7.634659803131955, 7.926191223892165, -64.25715096630285, -38.476991912779354, -38.439681547517885, -38.39674739040904, -15.581576040874003, -15.452119646377321, -8.323844163534432, -7.9378743932817795, -7.22220068426983, -6.7407828236101235, -6.3162733075957345, -5.454230103260143, -3.4153566750340363, -1.9318301110894438, -0.8020096820269431, -0.40812218531579136, 0.888734579925023, 3.040384172912198, 3.605990772084921, 5.477355855378194, 6.150066975043992, 6.587856857398019, 7.171976350794356, 7.309903756506105, 7.6845180228308, 7.891627671271201, -64.2572174978227, -38.47972508565535, -38.43607178105298, -38.39689384714797, -15.587990678655524, -15.456179619255979, -8.31465619125811, -7.993332760163578, -7.168784539130151, -6.716433357272895, -6.322769832751257, -5.439928006032348, -3.4312140798112036, -1.9116209747229118, -0.7888722967630821, -0.43227038932130113, 0.8745725802466681, 2.986792181967103, 3.7046122983314245, 5.437953803415944, 6.082172202621346, 6.577368322458597, 7.122414643639322, 7.309543294196171, 7.6657889581048675, 7.8499836989838965, -64.25729135079348, -38.48271404002395, -38.43199718037224, -38.3970734129601, -15.595829568504035, -15.46116506278523, -8.30354749899926, -8.053482493948245, -7.119820051936241, -6.676929689688746, -6.329739979638253, -5.423168986706411, -3.4497696806448506, -1.8874132142031061, -0.771205559528212, -0.4616528396951749, 0.8564180543008498, 2.9310649512678255, 3.816407372355493, 5.393243257447226, 6.00622447776687, 6.558596598461066, 7.064331513064297, 7.291654462264807, 7.6216791247990034, 7.703700106868519, -64.25738042745802, -38.48583336398584, -38.42760698008266, -38.397283635942145, -15.604926228531493, -15.466991160532663, -8.290855833578863, -8.115826276891053, -7.081413826214649, -6.61887320352498, -6.3365483022596205, -5.404709787409225, -3.470182106394833, -1.8601220536754874, -0.7487309193737635, -0.49547996541451284, 0.8344109414402429, 2.8749093288377465, 3.93875460776251, 5.3452572669335305, 5.924944298093852, 6.532170026071461, 7.001482682342118, 7.247937228539955, 7.5696353489429455, 7.649752594166689, -64.2574807296969, -38.48900073953331, -38.42300402554855, -38.3975213008609, -15.615090233768635, -15.473543559044524, -8.276925364691708, -8.178804501257675, -7.0556164732671105, -6.5419991863416715, -6.342608134603496, -5.385259503263941, -3.4916855192539864, -1.8306152835292622, -0.721229601848165, -0.5329721897233523, 0.8087386577083961, 2.8192130376551807, 4.06983393385678, 5.29555890279514, 5.840129553151059, 6.499594181120353, 6.936788582096299, 7.1862449869804825, 7.461786676842382, 7.865177331075193, -64.25759944467433, -38.492165934595306, -38.418263216628, -38.39778391647393, -15.62616377265945, -15.480726862104792, -8.262099283326808, -8.241419523483124, -7.040923741741203, -6.4490581020756546, -6.34740307713143, -5.36546023441766, -3.5136256599200193, -1.7997133389502036, -0.6885264077231038, -0.5733822245982348, 0.7796628291263903, 2.764470530575112, 4.208165263410122, 5.245314157508917, 5.752944644778854, 6.4625648915731935, 6.8688696407116225, 7.120555498758184, 7.353794504142465, 7.366996283556094, -64.25772136966141, -38.49529067806835, -38.413441441173596, -38.39806532089808, -15.637943168955253, -15.488413929979108, -8.302993822371695, -8.246712081686608, -7.034514590252134, -6.350495486459072, -6.343803587681737, -5.345873398669469, -3.5354677404183157, -1.7681515647684747, -0.6504982379463997, -0.6159868278602908, 0.7475084196095693, 2.710980765033689, 4.352376568788521, 5.195377532679747, 5.664199939453231, 6.422661831954993, 6.80096867984378, 7.00452591418758, 7.194118791691531, 7.242346699390495, -64.25784611097069, -38.49834866297194, -38.40858893974607, -38.398360655576, -15.65026589374466, -15.4964955328987, -8.363050816319225, -8.231084513653293, -7.033856432134246, -6.351531030534649, -6.22952962790547, -5.326984696366329, -3.5568103815254846, -1.7366002671071354, -0.660104429389525, -0.6070926738255049, 0.7126471313229439, 2.6589210727041563, 4.500974143087592, 5.146360587404104, 5.574586426968674, 6.381083849549048, 6.732850518726938, 6.858122622032604, 7.045820980922757, 7.15899160827483, -64.25797467233988, -38.50132168911418, 