{"path": {"kpts": {"__ndarray__": [[30, 3], "float64", [0.3333333333333333, -0.6666666666666666, 0.0, 0.3390804597701149, -0.6609195402298851, 0.0, 0.3448275862068965, -0.6551724137931034, 0.0, 0.3505747126436781, -0.6494252873563218, 0.0, 0.3563218390804598, -0.6436781609195402, 0.0, 0.3620689655172414, -0.6379310344827587, 0.0, 0.367816091954023, -0.632183908045977, 0.0, 0.3735632183908046, -0.6264367816091954, 0.0, 0.3793103448275862, -0.6206896551724137, 0.0, 0.3850574712643678, -0.6149425287356322, 0.0, 0.3908045977011494, -0.6091954022988505, 0.0, 0.39655172413793105, -0.603448275862069, 0.0, 0.40229885057471265, -0.5977011494252873, 0.0, 0.40804597701149425, -0.5919540229885057, 0.0, 0.41379310344827586, -0.5862068965517242, 0.0, 0.41954022988505746, -0.5804597701149425, 0.0, 0.42528735632183906, -0.5747126436781609, 0.0, 0.43103448275862066, -0.5689655172413792, 0.0, 0.4367816091954023, -0.5632183908045977, 0.0, 0.44252873563218387, -0.557471264367816, 0.0, 0.4482758620689655, -0.5517241379310345, 0.0, 0.4540229885057471, -0.5459770114942528, 0.0, 0.45977011494252873, -0.5402298850574713, 0.0, 0.4655172413793104, -0.5344827586206897, 0.0, 0.47126436781609193, -0.5287356321839081, 0.0, 0.4770114942528736, -0.5229885057471264, 0.0, 0.48275862068965514, -0.5172413793103448, 0.0, 0.4885057471264368, -0.5114942528735633, 0.0, 0.49425287356321834, -0.5057471264367817, 0.0, 0.5, -0.5, 0.0]]}, "special_points": {"G": {"__ndarray__": [[3], "float64", [0.0, 0.0, 0.0]]}, "A": {"__ndarray__": [[3], "float64", [0.0, 0.0, 0.5]]}, "H": {"__ndarray__": [[3], "float64", [0.3333333333333333, 0.3333333333333333, 0.5]]}, "K": {"__ndarray__": [[3], "float64", [0.3333333333333333, 0.3333333333333333, 0.0]]}, "L": {"__ndarray__": [[3], "float64", [0.5, 0.0, 0.5]]}, "M": {"__ndarray__": [[3], "float64", [0.5, 0.0, 0.0]]}, "Kpt0": {"__ndarray__": [[3], "float64", [0.3333333333333333, -0.6666666666666666, 0.0]]}, "Kpt1": {"__ndarray__": [[3], "float64", [0.5, -0.5, 0.0]]}}, "labelseq": "Kpt0Kpt1", "cell": {"array": {"__ndarray__": [[3, 3], "float64", [1.592, -2.7574248856496526, 0.0, 1.592, 2.7574248856496526, 0.0, 0.0, 0.0, 43.127]]}, "__ase_objtype__": "cell"}, "__ase_objtype__": "bandpath"}, "energies": {"__ndarray__": [[1, 30, 26], "float64", [-64.92997582232765, -39.207595723204925, -39.16656437418456, -39.05082062031378, -15.987775968408277, -15.886760649382298, -9.386672314473513, -8.5871853703835, -8.088266791372266, -7.571276331174193, -6.903933383464464, -6.1683760597109805, -4.060834081466493, -2.3992027461836662, -0.9966275216450826, -0.542524113227908, 0.772028323969112, 3.1571710451913986, 3.5615822292800745, 5.5386294192783945, 6.354873580724703, 7.0769240270943445, 7.567509640438111, 7.600151936455076, 7.99985782834195, 8.703597673972439, -64.9299942355636, -39.208476184740235, -39.165469950884244, -39.050854797716056, -15.988876081510261, -15.887362292807218, -9.384593010380213, -8.599718121230746, -8.076201028014577, -7.567864747350942, -6.906889061191026, -6.164992993635489, -4.0641950736956245, -2.3949601867047208, -0.9951622934239907, -0.546491277263009, 0.7696996363128089, 3.148680965739685, 3.5760482723383236, 5.533606363148209, 6.344979005173887, 7.068589751855754, 7.5512573307578075, 7.599421124803565, 7.9857514338394235, 8.564442766844824, -64.93005258400699, -39.21094475018551, -39.162376861722834, -39.0509566095386, -15.99206128316735, -15.889136973100465, -9.37847866253815, -8.633984345933525, -8.045165338983109, -7.555884629621675, -6.915347239245792, -6.155375504092199, -4.073809979028051, -2.382628968023769, -0.9904984711212509, -0.5580080735876748, 0.7625533116219393, 3.1234139136499413, 3.6188568786652935, 5.519486158625418, 6.316805712277341, 7.045476613593351, 7.494650397614134, 7.595301079632039, 7.954754046446169, 8.612059212585569, -64.93014135733993, -39.21454967290591, -39.1577621773926, -39.05112079301479, -15.997146606258868, -15.891994809123982, -9.368528970208407, -8.682994261625177, -8.005625928857645, -7.531996577616658, -6.92847070769217, -6.140537314498309, -4.088789394883337, -2.3630133584551354, -0.9822465863194128, -0.5764123656070281, 0.7504531586411293, 3.085348143651342, 3.685385799889507, 5.497863005638123, 6.2731135500485244, 7.008998080057184, 7.391684503796019, 7.583213869596147, 7.879494758529412, 7.914696187180579, -64.93025206794225, -39.21884776495382, -39.15209833645048, -39.05134081177955, -16.003949797295242, -15.89583079065667, -9.354969891385368, -8.740649195351969, -7.967487811962879, -7.49255889951349, -6.9452578038039325, -6.121657940277724, -4.108090895788474, -2.3371208984310607, -0.9700578129834568, -0.6009714651944923, 0.7333418379173281, 3.039390268068363, 3.7699976572913134, 5.470383268068035, 6.216843229098977, 6.961356919951758, 7.26977680386163, 7.557749200664863, 7.851906700286354, 7.867945976295786, -64.93038962715003, -39.22352956269167, -39.14572881451217, -39.051611979440914, -16.01227877413367, -15.900588467403217, -9.338052522177888, -8.802946609813384, -7.937271765045429, -7.435250734617442, -6.964687965952209, -6.0999270595044885, -4.13063008472969, -2.3060740127437307, -0.9536403236278391, -0.6309301702955815, 0.7112510497578187, 2.9890509153613714, 3.86837900501861, 5.4386026649850026, 6.150672379179789, 6.899918966198869, 7.140995276082381, 7.515349514246354, 7.817918549417962, 7.855453109496622, -64.93055516263435, -39.22839948135165, -39.13888236222989, -39.051930274437936, -16.02196377058548, -15.906166593085937, -9.318054765437491, -8.867446149554482, -7.917263049869276, -7.360437875616494, -6.985814094970017, -6.0764483231833575, -4.155360338994642, -2.271013480475288, -0.9327504563946936, -0.6655009887681893, 0.6842816544085172, 2.9364792575724548, 3.9775525360971824, 5.40388649131401, 6.076809759703103, 6.815384977507009, 7.019690253335661, 7.45600019817382, 7.760371283807913, 7.857287909145461, -64.9307350941779, -39.233334755452766, -39.13171104108833, -39.05228860733062, -16.032787292186878, -15.912458692769324, -9.295271585702446, -8.932642984886474, -7.906561733143005, -7.270747192276436, -7.007806220790993, -6.0521891432247035, -4.181334949272769, -2.2330438347104815, -0.9071764124084493, -0.7039225803119707, 0.6526765842762867, 2.8829928560771005, 4.095360821969004, 5.367399402130666, 5.996985067569751, 6.697175108748842, 6.923424159491462, 7.3827789617213915, 7.688712752393216, 7.832110391578086, -64.93093624823095, -39.23825704730782, -39.12433151763066, -39.05268183025915, -16.044590635439945, -15.919375883351556, -9.270027688141925, -8.99756258331694, -7.90305622848608, -7.169499165638179, -7.029965686388585, -6.027966614133288, -4.207753849095089, -2.1931818490316903, -0.8767864121798321, -0.7454416911522865, 0.6167311983854309, 2.8293901980921317, 4.220084409213269, 5.330057835622938, 5.91249455752998, 6.550210955355807, 6.850571462091372, 7.294468629865987, 7.604173312679831, 7.771981758452418, -64.9311470812757, -39.24311196558436, -39.11682965716108, -39.0531034224257, -16.057161326888494, -15.926811345546314, -9.242662223754479, -9.06153959342247, -7.904710451367139, -7.05964515183103, -7.051708769707032, -6.004456141123938, -4.23396363271224, -2.1523602310371315, -0.8414994103386457, -0.7893404528458979, 0.5768348342328001, 2.7762173239689467, 4.350188705855995, 5.292592005555073, 5.824365492204382, 6.387654697055829, 6.78986281919593, 7.192435005387039, 7.515583084304219, 7.682872003097188, -64.93136932073945, -39.24786104763433, -39.10927994419469, -39.053548918504035, -16.070328057953233, -15.934669455379122, -9.213537674929928, -9.124092569371575, -7.90997446378708, -7.072559807757875, -6.943480838365058, -5.982201766940963, -4.259469005962182, -2.1114225286426627, -0.8349285282211478, -0.8013174503989571, 0.5334375820898755, 2.7238361597177234, 4.484122665788342, 5.25552964066074, 5.73351024748487, 6.217542246289605, 6.735116990855563, 7.078608178629244, 7.43014233449593, 7.589391747250677, -64.9316019172783, -39.25247296583381, 