{"path": {"kpts": {"__ndarray__": [[30, 3], "float64", [-0.3333333333333333, 0.6666666666666666, 0.0, -0.3218390804597701, 0.6609195402298851, 0.0, -0.31034482758620685, 0.6551724137931034, 0.0, -0.29885057471264365, 0.6494252873563218, 0.0, -0.28735632183908044, 0.6436781609195402, 0.0, -0.27586206896551724, 0.6379310344827587, 0.0, -0.26436781609195403, 0.632183908045977, 0.0, -0.25287356321839083, 0.6264367816091954, 0.0, -0.24137931034482757, 0.6206896551724137, 0.0, -0.22988505747126436, 0.6149425287356322, 0.0, -0.21839080459770113, 0.6091954022988505, 0.0, -0.20689655172413793, 0.603448275862069, 0.0, -0.1954022988505747, 0.5977011494252873, 0.0, -0.1839080459770115, 0.5919540229885057, 0.0, -0.1724137931034483, 0.5862068965517242, 0.0, -0.16091954022988503, 0.5804597701149425, 0.0, -0.14942528735632182, 0.5747126436781609, 0.0, -0.13793103448275862, 0.5689655172413792, 0.0, -0.1264367816091954, 0.5632183908045977, 0.0, -0.11494252873563218, 0.557471264367816, 0.0, -0.10344827586206895, 0.5517241379310345, 0.0, -0.09195402298850575, 0.5459770114942528, 0.0, -0.08045977011494254, 0.5402298850574713, 0.0, -0.06896551724137928, 0.5344827586206897, 0.0, -0.05747126436781608, 0.5287356321839081, 0.0, -0.04597701149425287, 0.5229885057471264, 0.0, -0.03448275862068967, 0.5172413793103448, 0.0, -0.022988505747126464, 0.5114942528735633, 0.0, -0.01149425287356326, 0.5057471264367817, 0.0, 0.0, 0.5, 0.0]]}, "special_points": {"G": {"__ndarray__": [[3], "float64", [0.0, 0.0, 0.0]]}, "A": {"__ndarray__": [[3], "float64", [0.0, 0.0, 0.5]]}, "H": {"__ndarray__": [[3], "float64", [0.3333333333333333, 0.3333333333333333, 0.5]]}, "K": {"__ndarray__": [[3], "float64", [0.3333333333333333, 0.3333333333333333, 0.0]]}, "L": {"__ndarray__": [[3], "float64", [0.5, 0.0, 0.5]]}, "M": {"__ndarray__": [[3], "float64", [0.5, 0.0, 0.0]]}, "Kpt0": {"__ndarray__": [[3], "float64", [-0.3333333333333333, 0.6666666666666666, 0.0]]}, "Kpt1": {"__ndarray__": [[3], "float64", [0.0, 0.5, 0.0]]}}, "labelseq": "Kpt0Kpt1", "cell": {"array": {"__ndarray__": [[3, 3], "float64", [1.593, -2.7591569364572215, 0.0, 1.593, 2.7591569364572215, 0.0, 0.0, 0.0, 43.359]]}, "__ase_objtype__": "cell"}, "__ase_objtype__": "bandpath"}, "energies": {"__ndarray__": [[1, 30, 26], "float64", [-77.64948374782541, -42.171503512218216, -42.14972652784836, -42.05731342539588, -15.685924509536514, -15.679999061951468, -9.00354187795768, -8.743794512997615, -7.896536450169719, -7.375055179227838, -6.912453176545856, -6.248832567791084, -3.6536530590893723, -1.611273698641107, -0.8679471924733503, -0.13798794877871884, 1.3697049828050747, 2.3975451944531057, 3.3440961516725767, 5.454451665400564, 6.440191478738061, 7.19262612016831, 7.570950090972875, 7.6964102845882145, 7.812052266254358, 8.660892371114256, -77.64949132740907, -42.17267711553665, -42.14837103175316, -42.057339012582894, -15.68721894116149, -15.680695676122888, -9.001771741137604, -8.751062793959028, -7.888055111748039, -7.37322068927056, -6.914105329203473, -6.246084695452658, -3.657530260696808, -1.6072390684484985, -0.8659676340896306, -0.13968417614320955, 1.3662458778091109, 2.393923910730271, 3.3521618149754686, 5.451620806713762, 6.424747277770538, 7.1807307939830265, 7.5461734035304096, 7.724436611195256, 7.7640241547221995, 8.470749015347577, -77.64951339697055, -42.17565660000132, -42.1448613057724, -42.0574134878125, -15.690958624259006, -15.682734200245658, -8.996659288877774, -8.772557019096979, -7.863957354015121, -7.366771779921443, -6.918617295921184, -6.238317035239216, -3.668753651518701, -1.5952451747999694, -0.8598266432547687, -0.14453367471956557, 1.3557287448457704, 2.3818525053536996, 3.3770805006975033, 5.4437328362315895, 6.382500005248341, 7.149492313115854, 7.490951327041438, 7.636614364322127, 7.784275318011026, 8.15190004516596, -77.64954889939105, -42.179555673068656, -42.140107793888035, -42.0575332863049, -15.69692754254961, -15.686022639821644, -8.988521464022597, -8.806491146756887, -7.8283199517444855, -7.353572618554935, -6.92519000873951, -6.226369920505794, -3.686489644126453, -1.5757876981149646, -0.8492450993219093, -0.15212225489856418, 1.338035949486652, 2.3604699019799606, 3.4189383257097954, 5.431665888599148, 6.320017281949241, 7.105609764369514, 7.423507950779618, 7.492844075526825, 7.848532638192663, 7.927704338202929, -77.64959674345693, -42.183849669856514, -42.134660561520384, -42.05769467867859, -15.704906681817379, -15.690458108591296, -8.977701848745966, -8.850148523200316, -7.787229421519775, -7.330430864331739, -6.93293745881802, -6.211164109479648, -3.709693613233678, -1.5497059699502775, -0.8339814670780024, -0.16199070714136715, 1.3131693932087158, 2.3301133256933375, 3.476566529880426, 5.4162262581620535, 6.243139697488574, 7.0536545132412005, 7.348810764330006, 7.34941679551818, 7.9012662648884255, 7.903909694233675, -77.6496557876057, -42.188291687743884, -42.12879299936759, -42.05789380425056, -15.714667666473622, -15.695934156729411, -8.964568254888892, -8.900781266705133, -7.747525208792162, -7.293444982280942, -6.940978026201245, -6.193609999778333, -3.737222535754986, -1.5180556393967144, -0.8138348966240018, -0.17367504483211657, 1.281256243266497, 2.291938587476715, 3.547911344648717, 5.398120308777349, 6.156425426945669, 6.993899857982594, 7.197620403881613, 7.268481293147413, 7.887205681661317, 7.938464027183403, -77.64972484584464, -42.19276077434074, -42.122653478345775, -42.05812669056099, -15.725977223615565, -15.702339294437133, -8.95606396224113, -8.949506991847333, -7.7149895881350625, -7.239358552162181, -6.948492812341481, -6.174548532983923, -3.767936207137891, -1.4819916256814945, -0.7886479577073986, -0.18673514901700766, 1.2425448689115033, 2.2474560171630946, 3.630467087143591, 5.377942451309446, 6.063313802153653, 6.91570124435764, 7.052233939297904, 7.183310075163025, 7.8517168932524575, 7.93045643867754, -77.64980273577717, -42.19719101343892, -42.11633615025905, -42.058389283364654, -15.738616161658934, -15.709556863595893, -9.014187161819933, -8.93291804288109, -7.692520568440131, -7.167296834388314, -6.954755938401264, -6.154727177390592, -3.8007783133282858, -1.4426752982188675, -0.7583112291896358, -0.20077908496051508, 1.1974004427309362, 2.198193620468594, 3.7215517716936217, 5.356171477124632, 5.966497172980168, 6.788968983659621, 6.948054812406917, 7.093835419329183, 7.793529716851034, 7.8687922826021, -77.64988822850921, -42.20154218543274, -42.10991005589129, -42.058677463455865, -15.752355482741038, -15.717470681860739, -9.073785900837132, -8.91520742940386, -7.679899431753646, -7.079057214473424, -6.9591476076408485, -6.134786240570195, -3.8348244676002654, -1.4012065114569736, -0.7227667380724414, -0.2154789039941925, 1.1462945809658025, 2.1455332368162208, 3.818368362659156, 5.333174332254244, 5.868318459977559, 6.622471824119545, 6.8796827212914575, 7.000567505898449, 7.722073617167558, 7.763347635150948, -77.64998008680043, -42.20578713055461, -42.103431621484205, -42.05898707494761, -15.766979012730417, -15.72595768966705, -9.133834930891934, -8.896779542697443, -7.675260490650546, -6.977752198721754, -6.9611535328497895, -6.115266865133029, -3.869312407396693, -1.3585805712879195, -0.6820106791009167, -0.23058365369381617, 1.0897974455470292, 2.090662277447492, 3.9178832026508936, 5.309205893866022, 5.771154067652727, 6.442931144763073, 6.822819406533106, 6.904150615492758, 7.650142519379843, 7.653190252493669, -77.65007708414781, -42.209905861640316, -42.09695038782352, -42.05931395418338, -15.782275392792442, -15.734899955102184, -9.19355326546127, -8.878027456549857, -7.676531655727297, -6.960365659281404, -6.866461253297209, -6.0966203096720655, -3.903650805373485, -1.3156624113334099, -0.63609994726855, -0.2459267324635453, 1.0285614376617238, 2.034585081928154, 4.016556608274529, 5.284396253335846, 5.677831353114325, 6.259176521073658, 6.770528650143472, 6.805496749290633, 7.5693886390426846, 7.584014467559167, 