{"path": {"kpts": {"__ndarray__": [[30, 3], "float64", [0.3333333333333333, -0.6666666666666666, 0.0, 0.3390804597701149, -0.6609195402298851, 0.0, 0.3448275862068965, -0.6551724137931034, 0.0, 0.3505747126436781, -0.6494252873563218, 0.0, 0.3563218390804598, -0.6436781609195402, 0.0, 0.3620689655172414, -0.6379310344827587, 0.0, 0.367816091954023, -0.632183908045977, 0.0, 0.3735632183908046, -0.6264367816091954, 0.0, 0.3793103448275862, -0.6206896551724137, 0.0, 0.3850574712643678, -0.6149425287356322, 0.0, 0.3908045977011494, -0.6091954022988505, 0.0, 0.39655172413793105, -0.603448275862069, 0.0, 0.40229885057471265, -0.5977011494252873, 0.0, 0.40804597701149425, -0.5919540229885057, 0.0, 0.41379310344827586, -0.5862068965517242, 0.0, 0.41954022988505746, -0.5804597701149425, 0.0, 0.42528735632183906, -0.5747126436781609, 0.0, 0.43103448275862066, -0.5689655172413792, 0.0, 0.4367816091954023, -0.5632183908045977, 0.0, 0.44252873563218387, -0.557471264367816, 0.0, 0.4482758620689655, -0.5517241379310345, 0.0, 0.4540229885057471, -0.5459770114942528, 0.0, 0.45977011494252873, -0.5402298850574713, 0.0, 0.4655172413793104, -0.5344827586206897, 0.0, 0.47126436781609193, -0.5287356321839081, 0.0, 0.4770114942528736, -0.5229885057471264, 0.0, 0.48275862068965514, -0.5172413793103448, 0.0, 0.4885057471264368, -0.5114942528735633, 0.0, 0.49425287356321834, -0.5057471264367817, 0.0, 0.5, -0.5, 0.0]]}, "special_points": {"G": {"__ndarray__": [[3], "float64", [0.0, 0.0, 0.0]]}, "A": {"__ndarray__": [[3], "float64", [0.0, 0.0, 0.5]]}, "H": {"__ndarray__": [[3], "float64", [0.3333333333333333, 0.3333333333333333, 0.5]]}, "K": {"__ndarray__": [[3], "float64", [0.3333333333333333, 0.3333333333333333, 0.0]]}, "L": {"__ndarray__": [[3], "float64", [0.5, 0.0, 0.5]]}, "M": {"__ndarray__": [[3], "float64", [0.5, 0.0, 0.0]]}, "Kpt0": {"__ndarray__": [[3], "float64", [0.3333333333333333, -0.6666666666666666, 0.0]]}, "Kpt1": {"__ndarray__": [[3], "float64", [0.5, -0.5, 0.0]]}}, "labelseq": "Kpt0Kpt1", "cell": {"array": {"__ndarray__": [[3, 3], "float64", [1.6595, -2.8743383151605517, 0.0, 1.6595, 2.8743383151605517, 0.0, 0.0, 0.0, 43.146]]}, "__ase_objtype__": "cell"}, "__ase_objtype__": "bandpath"}, "energies": {"__ndarray__": [[1, 30, 26], "float64", [-76.97503157185015, -41.61420705768521, -41.58433508222195, -41.45509625717252, -16.052591866683542, -15.749801305458684, -8.870090465850666, -8.651559652758644, -7.790496977187146, -7.142439579184687, -6.458264697833478, -5.308684495619308, -3.3273293866992244, -1.9993854275394736, 0.07725931175052381, 0.5019122756233715, 1.9451472369787437, 3.1347107805523833, 3.1904125808505017, 5.614521866823505, 6.444094753318055, 6.964194250248377, 7.418863440364832, 7.56634556311336, 7.943939169391292, 8.167862773074052, -76.97503530653056, -41.61465723272678, -41.58375118008389, -41.45511637856679, -16.053786238650645, -15.750361244414863, -8.868104370197127, -8.659401833578608, -7.781147536175699, -7.14077182354692, -6.4598958233861525, -5.306403421893732, -3.3323439676865316, -1.9923248266991633, 0.07866933885642402, 0.4956011572391135, 1.942208860909267, 3.0818698964939326, 3.2509955660555425, 5.610174634757307, 6.427743012264625, 6.953640324103003, 7.389667841737845, 7.412316023237889, 7.602535230378525, 8.042895073355592, -76.97504768968739, -41.61595189422301, -41.58206685579847, -41.45517842245501, -16.057236386555253, -15.75200921111881, -8.862277573589669, -8.682397862104988, -7.754506918048921, -7.134908135360572, -6.464623154487969, -5.299842449512504, -3.3466387074528385, -1.9719477567506491, 0.0832351127627044, 0.4775384149566288, 1.9331410142419287, 3.0089565056378467, 3.3462279295159374, 5.598374367532844, 6.384295059992334, 6.924674291390194, 7.327563290946606, 7.427718811939225, 7.665097177314498, 7.876603070114946, -76.97506964253402, -41.61790924210618, -41.57948586694285, -41.455279293879755, -16.062762275262596, -15.754677338968476, -8.85282346143044, -8.71837195744797, -7.714624610156845, -7.123033018645166, -6.472107592758298, -5.289510239137893, -3.3686852248789023, -1.9399099141736598, 0.09143011635343685, 0.44919498377363404, 1.9176964630724387, 2.934963677005449, 3.4556060204585006, 5.5809460792342644, 6.321961660052949, 6.883057829699462, 7.255611100056886, 7.455784813053957, 7.647024657924677, 7.693680456257479, -76.97509798156213, -41.62031286005259, -41.57623805476757, -41.4554149336295, -16.070142354005146, -15.758279968519329, -8.83997826652217, -8.764257441065038, -7.667267739602663, -7.102525510616476, -6.4819165772012415, -5.276010099266678, -3.396675356849337, -1.8982032845511203, 0.10368310021701055, 0.41213479761139016, 1.8957810405588948, 2.8609337717945054, 3.5764998095058553, 5.559529218761719, 6.247116433935204, 6.833922427264439, 7.179760298300286, 7.424921300115277, 7.668542805072758, 7.830307170889079, -76.9751326163405, -41.62299240888078, -41.57251605108711, -41.455580667548375, -16.07918372880708, -15.762729489885336, -8.824000704821488, -8.817076926018892, -7.618855190913489, -7.070059273876182, -6.493562449647409, -5.259996959497833, -3.4288074538417224, -1.84886900267174, 0.1203738873625066, 0.3678942342327136, 1.8674546140485042, 2.7870093454445812, 3.7072103613692327, 5.535479712318302, 6.164055772422935, 6.780919373618069, 7.101979825982411, 7.382393824645959, 7.462572100406883, 7.651852459661089, -76.97517365735236, -41.625826243750716, -41.568460584670454, -41.45577630012839, -16.089674499681745, -15.767946019334241, -8.874376906391415, -8.805171274567595, -7.575318527457691, -7.0222909487958205, -6.506536093473461, -5.242144517551602, -3.463472780147279, -1.7938146179099517, 0.14183198273521128, 0.3179085238860661, 1.8329368079551296, 2.713189996020461, 3.846279719152243, 5.509840304273334, 6.075517114992259, 6.726226196382047, 7.023006525661186, 7.324390995944673, 7.362939827651777, 7.541652829962049, -76.97522096866717, -41.628733362823034, -41.56417614510124, -41.455997035521754, -16.10141430465646, -15.773842316777904, -8.934287666515404, -8.78379031523243, -7.540738149247985, -6.957172686961719, -6.520335141065722, -5.22310414872115, -3.4993403136378882, -1.734724706223854, 0.16833348075035662, 0.26347981013581123, 1.792601035590844, 2.639438222289166, 3.992412492705959, 5.483357279428478, 5.983211973369499, 6.67120108794493, 6.943281188223953, 7.24374207386441, 7.284244592360805, 7.443380035527155, -76.97527156285655, -41.631656183195396, -41.55973680508626, -41.456238756475145, -16.114192922857633, -15.780303741672457, -8.995417182220184, -8.760176679728033, -7.516454123260707, -6.8749373914644485, -6.534480905024378, -5.203490020463839, -3.5353731202324314, -1.6730449224725825, 0.2000928096142185, 0.20576627860006205, 1.7469576844067276, 2.565712253486303, 4.144443995717246, 5.456514386808183, 5.888204290425492, 6.616663678422297, 6.862976443484115, 7.148025403048522, 7.198315792838158, 7.341849047347614, -76.97532600282476, -41.63455716924828, -41.55520382273234, -41.45649867962925, -16.1278092306669, -15.787251052039336, -9.05673632982519, -8.734666741111344, -7.5015341543783585, -6.7777500681844405, -6.5485346945089145, -5.183861826364133, -3.5708075718426606, -1.6100043786237994, 0.1457945961713592, 0.23725512262668097, 1.696627893424828, 2.491971735593479, 4.301306952793952, 5.4295735251603, 5.791167671975014, 6.563074623987537, 6.78223738247346, 7.032847091967004, 7.107570067895378, 7.209021888664608, -76.97538259861086, -41.637408003017605, -41.55062635069638, -41.45677196227459, -16.142074468533796, -15.79456894210985, -9.117470073273346, -8.70761045097536, -7.494052691517766, -6.668539025842589, -6.5621030695819575, -5.16471039752044, -3.605122150963529, -1.546648024337373, 0.08447469666545569, 0.2798910743632655, 1.6423506510331547, 2.41818292396624, 4.461980115507944, 5.402608394103677, 5.692571618820735, 6.510564614681298, 6.701186694263641, 6.892762690397996, 7.059748872910612, 7.108890451449923, -76.97544311125718, -41.64018703110739, 