{"path": {"kpts": {"__ndarray__": [[30, 3], "float64", [0.3333333333333333, -0.6666666666666666, 0.0, 0.3218390804597701, -0.6436781609195402, 0.0, 0.31034482758620685, -0.6206896551724137, 0.0, 0.29885057471264365, -0.5977011494252873, 0.0, 0.28735632183908044, -0.5747126436781609, 0.0, 0.27586206896551724, -0.5517241379310345, 0.0, 0.26436781609195403, -0.5287356321839081, 0.0, 0.25287356321839083, -0.5057471264367817, 0.0, 0.24137931034482757, -0.48275862068965514, 0.0, 0.22988505747126436, -0.45977011494252873, 0.0, 0.21839080459770113, -0.43678160919540227, 0.0, 0.20689655172413793, -0.41379310344827586, 0.0, 0.1954022988505747, -0.3908045977011494, 0.0, 0.1839080459770115, -0.367816091954023, 0.0, 0.1724137931034483, -0.3448275862068966, 0.0, 0.16091954022988503, -0.32183908045977005, 0.0, 0.14942528735632182, -0.29885057471264365, 0.0, 0.13793103448275862, -0.27586206896551724, 0.0, 0.1264367816091954, -0.2528735632183908, 0.0, 0.11494252873563218, -0.22988505747126436, 0.0, 0.10344827586206895, -0.2068965517241379, 0.0, 0.09195402298850575, -0.1839080459770115, 0.0, 0.08045977011494254, -0.16091954022988508, 0.0, 0.06896551724137928, -0.13793103448275856, 0.0, 0.05747126436781608, -0.11494252873563215, 0.0, 0.04597701149425287, -0.09195402298850575, 0.0, 0.03448275862068967, -0.06896551724137934, 0.0, 0.022988505747126464, -0.04597701149425293, 0.0, 0.01149425287356326, -0.02298850574712652, 0.0, 0.0, 0.0, 0.0]]}, "special_points": {"G": {"__ndarray__": [[3], "float64", [0.0, 0.0, 0.0]]}, "A": {"__ndarray__": [[3], "float64", [0.0, 0.0, 0.5]]}, "H": {"__ndarray__": [[3], "float64", [0.3333333333333333, 0.3333333333333333, 0.5]]}, "K": {"__ndarray__": [[3], "float64", [0.3333333333333333, 0.3333333333333333, 0.0]]}, "L": {"__ndarray__": [[3], "float64", [0.5, 0.0, 0.5]]}, "M": {"__ndarray__": [[3], "float64", [0.5, 0.0, 0.0]]}, "Kpt0": {"__ndarray__": [[3], "float64", [0.3333333333333333, -0.6666666666666666, 0.0]]}}, "labelseq": "Kpt0G", "cell": {"array": {"__ndarray__": [[3, 3], "float64", [1.592, -2.7574248856496526, 0.0, 1.592, 2.7574248856496526, 0.0, 0.0, 0.0, 43.127]]}, "__ase_objtype__": "cell"}, "__ase_objtype__": "bandpath"}, "energies": {"__ndarray__": [[1, 30, 26], "float64", [-64.92997582259991, -39.20759572321082, -39.16656437418592, -39.05082062031843, -15.987775968408139, -15.886760649382099, -9.386672314473303, -8.587185370383494, -8.088266791372074, -7.571276331173986, -6.903933383464414, -6.16837605971079, -4.060834081466252, -2.3992027461834335, -0.9966275216448457, -0.5425241132277357, 0.7720283239692677, 3.157171045189381, 3.561582229277347, 5.538629415606574, 6.354873580348087, 7.07692177336145, 7.5675095346202355, 7.600056630741467, 7.98859993451407, 8.60060116322839, -64.93006099197059, -39.210626973191204, -39.162625469406464, -39.05096945289871, -15.99250843835902, -15.889304044033553, -9.378044707544413, -8.632691748150098, -8.04121767841168, -7.560872583639668, -6.916130092184668, -6.15411494325607, -4.075041813454904, -2.381844209112433, -0.9916652987051431, -0.5592423607966074, 0.7632713558785377, 3.1355311766680725, 3.607974278937716, 5.516487003796174, 6.313483598989203, 7.035406144353625, 7.527463611487416, 7.5939916944064425, 7.725769928537646, 7.929278444625609, -64.93029728741092, -39.21690927418263, -39.1534845321906, -39.05143542365352, -16.007468885587524, -15.897110507999384, -9.351499366031362, -8.730876511963176, -7.934952227724736, -7.532900762285822, -6.950779580259535, -6.112354777974261, -4.117258936487109, -2.331444679978019, -0.9793486368279046, -0.6103511193777493, 0.7390018375277726, 3.1094523261095826, 3.7093385567915202, 5.448415379791279, 6.194996210725473, 6.900401949836064, 7.465966273379222, 7.501286532742776, 7.632186955737184, 7.801997640921065, -64.93072026847341, -39.2232939440354, -39.14213832852087, -39.05224981138952, -16.033690711474595, -15.910455486194298, -9.306344960310048, -8.837371762058861, -7.817648940510854, -7.483852416455099, -7.001495400378107, -6.048251608025353, -4.183143692438053, -2.254867756568052, -0.9638674771039304, -0.6946800008521747, 0.7027827148722404, 3.1114304870172593, 3.8318146615614164, 5.33851507884725, 6.021024606625459, 6.690601398041017, 7.178899271203429, 7.238709394228017, 7.451779355548755, 7.711616478645727, -64.93131436662524, -39.228380182885985, -39.12985540790734, -39.053431650060375, -16.071809455633552, -15.929371026066558, -9.242283204368997, -8.93339111815652, -7.7216939830903755, -7.4012459325023565, -7.060622904118273, -5.96842750587416, -4.265358082103706, -2.162628524663366, -0.9496567177297999, -0.8074459184481629, 0.6587608232448936, 3.1491320384198436, 3.9620639737598244, 5.1958593905509, 5.8186274487604175, 6.4475080304081205, 6.745771398636807, 6.824187916502543, 7.195148404629345, 7.479008463030393, -64.93210660940142, -39.23155699975801, -39.11717187299784, -39.05499688971677, -16.122183311030824, -15.953774153126332, -9.159398321475152, -9.011651909270336, -7.6618810232192605, -7.279681535282124, -7.1216965246272474, -5.878563921139719, -4.35605552113175, -2.0664524499393986, -0.9411942269260187, -0.9409275699639211, 0.6110676000903582, 3.2203501946883923, 4.090887332224211, 5.029442702593477, 5.61322224530975, 6.196252276177647, 6.3371719230398424, 6.454378089778772, 6.621397025447666, 6.829227822222627, -64.93310822493217, -39.232515547674495, -39.10435761420957, -39.05695513141454, -16.184728333824562, -15.983424420125754, -9.069279381670826, -9.058132255320762, -7.631150531389006, -7.179855348370954, -7.132116938742544, -5.782979571802076, -4.448266157058973, -1.9779969471341083, -1.0850590418996444, -0.9425268676255822, 0.5632672452785376, 3.3190112741774818, 4.203703344674666, 4.845857219932067, 5.431150363803227, 5.939990045989221, 5.966386653438869, 6.1170154511839545, 6.222990891558434, 6.487664262734211, -64.93429978984267, -39.231083113569966, -39.09158038746183, -39.05930442084418, -16.258896123772093, -16.017911806812293, -9.105494897388748, -8.939261075167837, -7.619770250662914, -7.231508673648707, -6.972858762110527, -5.684952453861864, -4.536449866539332, -1.909025539898357, -1.2273610167791795, -0.9567143910124579, 0.517751498888452, 3.4367696668556658, 4.273496494798652, 4.649468381926986, 5.303227997124601, 5.617101234399715, 5.658138522232024, 5.834593376720156, 5.889548721139012, 6.165530534669388, -64.935672065596, -39.227184828869085, -39.0789612970927, -39.06203645057204, -16.343806197366195, -16.056724616359094, -9.120830407217499, -8.803891720740975, -7.623328342637565, -7.273942899032404, -6.810170481910975, -5.5870613911033775, -4.6166224544395655, -1.8725172493153692, -1.352011482530719, -0.9852726846195825, 0.4751381179425996, 3.5607899826872638, 4.272514412920379, 4.443473836581742, 5.218735857290821, 5.311084405783971, 5.3509908995244535, 5.594756313238962, 5.600675470988223, 5.8792886060386715, -64.93724279239424, -39.22082181649806, -39.06660194875635, -39.06513605211346, -16.43831627940017, -16.099314983020385, -9.116827640798626, -8.653470056439561, -7.640113295921563, -7.305011479937773, -6.648935106539798, -5.491448013726008, -4.686333841983343, -1.8807249111949451, -1.4419015835148958, -1.0279485704374713, 0.43413070991038855, 3.6628497112688154, 4.2226628744842065, 4.230814009717321, 4.946872950574402, 5.0437563493496, 5.147764737138808, 5.368187746512085, 5.430915149006306, 5.649707698395426, -64.93898304929427, -39.21204815120392, -39.068579864163404, -39.054577454030614, -16.54095217506407, -16.145013436070457, -9.095955608231677, -8.489817177843019, -7.668668426242877, -7.322899540848516, -6.492940543797303, -5.3999405174112995, -4.744371205867387, -1.9310775840113878, -1.4929134413038405, -1.082835550218222, 0.3918645985965089, 3.6797955967833156, 4.01451191543626, 4.2158883621406655, 4.646069235559367, 4.746884112314515, 4.892272532055407, 5.115882804026602, 5.317248176153361, 5.481087938513912, -64.94088692800926, -39.200979370589096, -39.07233728178494, -39.042955842146206,