{"path": {"kpts": {"__ndarray__": [[30, 3], "float64", [0.3333333333333333, -0.6666666666666666, 0.0, 0.3390804597701149, -0.6609195402298851, 0.0, 0.3448275862068965, -0.6551724137931034, 0.0, 0.3505747126436781, -0.6494252873563218, 0.0, 0.3563218390804598, -0.6436781609195402, 0.0, 0.3620689655172414, -0.6379310344827587, 0.0, 0.367816091954023, -0.632183908045977, 0.0, 0.3735632183908046, -0.6264367816091954, 0.0, 0.3793103448275862, -0.6206896551724137, 0.0, 0.3850574712643678, -0.6149425287356322, 0.0, 0.3908045977011494, -0.6091954022988505, 0.0, 0.39655172413793105, -0.603448275862069, 0.0, 0.40229885057471265, -0.5977011494252873, 0.0, 0.40804597701149425, -0.5919540229885057, 0.0, 0.41379310344827586, -0.5862068965517242, 0.0, 0.41954022988505746, -0.5804597701149425, 0.0, 0.42528735632183906, -0.5747126436781609, 0.0, 0.43103448275862066, -0.5689655172413792, 0.0, 0.4367816091954023, -0.5632183908045977, 0.0, 0.44252873563218387, -0.557471264367816, 0.0, 0.4482758620689655, -0.5517241379310345, 0.0, 0.4540229885057471, -0.5459770114942528, 0.0, 0.45977011494252873, -0.5402298850574713, 0.0, 0.4655172413793104, -0.5344827586206897, 0.0, 0.47126436781609193, -0.5287356321839081, 0.0, 0.4770114942528736, -0.5229885057471264, 0.0, 0.48275862068965514, -0.5172413793103448, 0.0, 0.4885057471264368, -0.5114942528735633, 0.0, 0.49425287356321834, -0.5057471264367817, 0.0, 0.5, -0.5, 0.0]]}, "special_points": {"G": {"__ndarray__": [[3], "float64", [0.0, 0.0, 0.0]]}, "A": {"__ndarray__": [[3], "float64", [0.0, 0.0, 0.5]]}, "H": {"__ndarray__": [[3], "float64", [0.3333333333333333, 0.3333333333333333, 0.5]]}, "K": {"__ndarray__": [[3], "float64", [0.3333333333333333, 0.3333333333333333, 0.0]]}, "L": {"__ndarray__": [[3], "float64", [0.5, 0.0, 0.5]]}, "M": {"__ndarray__": [[3], "float64", [0.5, 0.0, 0.0]]}, "Kpt0": {"__ndarray__": [[3], "float64", [0.3333333333333333, -0.6666666666666666, 0.0]]}, "Kpt1": {"__ndarray__": [[3], "float64", [0.5, -0.5, 0.0]]}}, "labelseq": "Kpt0Kpt1", "cell": {"array": {"__ndarray__": [[3, 3], "float64", [1.66, -2.875204340564336, 0.0, 1.66, 2.875204340564336, 0.0, 0.0, 0.0, 43.338]]}, "__ase_objtype__": "cell"}, "__ase_objtype__": "bandpath"}, "energies": {"__ndarray__": [[1, 30, 26], "float64", [-64.25707454529972, -38.47261655878372, -38.44525440754209, -38.39654873804317, -15.572753652548087, -15.446609170839459, -8.33668607484695, -7.847264589484403, -7.320086311496545, -6.762674121771157, -6.305998417017713, -5.474916441709299, -3.3924537703543294, -1.9601205422604882, -0.817612348955078, -0.3747496438385426, 0.906788088447005, 3.1367986451951393, 3.449112117067618, 5.537351084647368, 6.258139753149366, 6.588791236527629, 7.229648918127988, 7.617552525731295, 7.863008280216454, 8.124975155348277, -64.25707925535514, -38.473165289931316, -38.44456482722419, -38.39657166033623, -15.57378791566798, -15.447238141140287, -8.335163291931574, -7.858867540908234, -7.306999108678004, -6.760876178094922, -6.307299892216555, -5.472422478988554, -3.3952028749726537, -1.9568017425162603, -0.8160114903461674, -0.3786573486730353, 0.9048164995307939, 3.123705362720495, 3.4691485415712666, 5.529858937877164, 6.2440552103701314, 6.590025035075802, 7.225688310547198, 7.307993174424067, 7.619124146707958, 7.986731510370054, -64.25710915599713, -38.474714811855556, -38.44261121880573, -38.39663943778402, -15.576789954123221, -15.449116156321677, -8.330784875412094, -7.891116499232452, -7.271473307572913, -6.754388741454639, -6.310907054773365, -5.4653089709231715, -3.403076535136891, -1.947160373528042, -0.8109395715005802, -0.3900052917416869, 0.8988150197575293, 3.0883382897539238, 3.524911200696232, 5.508937814535739, 6.205870128569355, 6.591082815914725, 7.207622549473146, 7.306962345939845, 7.634659760579455, 7.926191125770838, -64.25715096630164, -38.47699191277867, -38.43968154751736, -38.39674739040773, -15.581576040875571, -15.452119646378938, -8.323844163535233, -7.937874393282659, -7.222200684270721, -6.740782823610998, -6.316273307596722, -5.454230103260823, -3.41535667503416, -1.931830111089121, -0.802009682027071, -0.40812218531582206, 0.8887345799249424, 3.0403841729116836, 3.6059907720843904, 5.477355855377688, 6.150066975043631, 6.587856857397075, 7.171976350868719, 7.3099037561971025, 7.684518024871436, 7.891627631247206, -64.25721749782183, -38.47972508565427, -38.436071781052455, -38.39689384714623, -15.58799067865677, -15.45617961925742, -8.314656191258749, -7.993332760164444, -7.168784539131047, -6.7164333572737664, -6.3227698327522175, -5.439928006033023, -3.43121407981134, -1.911620974722587, -0.7888722967631651, -0.43227038932131795, 0.8745725802465915, 2.9867921819665875, 3.7046122983308734, 5.437953803415442, 6.0821722026211456, 6.577368322454898, 7.122414643636713, 7.309543294642326, 7.665788969504176, 7.849983641415527, -64.25729135079224, -38.48271404002356, -38.431997180371575, -38.39707341295911, -15.595829568505216, -15.46116506278653, -8.303547499000013, -8.053482493949094, -7.119820051937144, -6.6769296896896435, -6.3297399796391725, -5.423168986707077, -3.4497696806449567, -1.887413214202723, -0.771205559528298, -0.4616528396951918, 0.8564180543007843, 2.9310649512673277, 3.8164073723549277, 5.39324325744673, 6.006224477766117, 6.558596598462793, 7.064331513045258, 7.291654462297033, 7.621679143708458, 7.7037001083034475, -64.25738042745715, -38.48583336398483, -38.42760698008219, -38.39728363594116, -15.604926228532804, -15.4669911605338, -8.290855833579636, -8.115826276891891, -7.081413826215491, -6.618873203525907, -6.336548302260634, -5.404709787409874, -3.4701821063950082, -1.8601220536751366, -0.7487309193738257, -0.4954799654145401, 0.8344109414402038, 2.874909328837279, 3.938754607761937, 5.345257266933076, 5.924944298092933, 6.532170026082258, 7.001482682308585, 7.247937228328175, 7.5696353461913, 7.649752573773044, -64.2574807296961, -38.48900073953249, -38.42300402554739, -38.3975213008591, -15.615090233770054, -15.473543559045925, -8.276925364692442, -8.178804501258531, -7.055616473267898, -6.541999186342579, -6.34260813460442, -5.385259503264714, -3.491685519254171, -1.8306152835289333, -0.7212296018482275, -0.5329721897233699, 0.8087386577082982, 2.8192130376546536, 4.069833933856174, 5.295558902794643, 5.8401295531505735, 6.499594181126232, 6.936788582067549, 7.186244986742713, 7.461786674321516, 7.865177335005407, -64.25759944467306, -38.4921659345948, -38.418263216627786, -38.397783916472484, -15.62616377266082, -15.480726862106215, -8.262099283327592, -8.24141952348399, -7.040923741742041, -6.449058102076639, -6.347403077132444, -5.365460234418421, -3.5136256599201747, -1.7997133389498503, -0.6885264077232027, -0.5733822245983015, 0.7796628291262558, 2.7644705305746022, 4.2081652634094695, 5.245314157508459, 5.752944644778414, 6.4625648915732254, 6.8688696408678585, 7.12055550001249, 7.3537945124024535, 7.366996269835209, -64.25772136966023, -38.495290678067754, -38.4134414411734, -38.398065320896485, -15.637943168956761, -15.48841392998054, -8.302993822372558, -8.246712081687324, -7.034514590252875, -6.350495486459969, -6.3438035876826735, -5.345873398670149, -3.5354677404184827, -1.7681515647681227, -0.650498237946522, -0.6159868278602794, 0.7475084196094816, 2.7109807650331845, 4.352376568787925, 5.195377532679335, 5.664199939452624, 6.422661831955701, 6.800968679815273, 7.004525912259155, 7.194118783570678, 7.242346692172857, -64.2578461109693, -38.4983486629715, -38.40858893974529, -38.39836065557453, -15.650265893746022, -15.496495532900274, -8.363050816320087, -8.231084513654103, -7.03385643213506, -6.35153103053552, -6.229529627906516, -5.326984696367115, -3.5568103815256555, -1.7366002671067469, -0.6601044293894954, -0.607092673825624, 0.7126471313228152, 2.6589210727036328, 4.5009741430869905, 5.1463605874036435, 5.574586426968187, 6.381083849551472, 6.732850518737409, 6.8581226219146645, 7.045820979793094, 7.158991603195763, -64.25797467233889, -38.50132168911355, 