{"path": {"kpts": {"__ndarray__": [[30, 3], "float64", [0.3333333333333333, -0.6666666666666666, 0.0, 0.3218390804597701, -0.6436781609195402, 0.0, 0.31034482758620685, -0.6206896551724137, 0.0, 0.29885057471264365, -0.5977011494252873, 0.0, 0.28735632183908044, -0.5747126436781609, 0.0, 0.27586206896551724, -0.5517241379310345, 0.0, 0.26436781609195403, -0.5287356321839081, 0.0, 0.25287356321839083, -0.5057471264367817, 0.0, 0.24137931034482757, -0.48275862068965514, 0.0, 0.22988505747126436, -0.45977011494252873, 0.0, 0.21839080459770113, -0.43678160919540227, 0.0, 0.20689655172413793, -0.41379310344827586, 0.0, 0.1954022988505747, -0.3908045977011494, 0.0, 0.1839080459770115, -0.367816091954023, 0.0, 0.1724137931034483, -0.3448275862068966, 0.0, 0.16091954022988503, -0.32183908045977005, 0.0, 0.14942528735632182, -0.29885057471264365, 0.0, 0.13793103448275862, -0.27586206896551724, 0.0, 0.1264367816091954, -0.2528735632183908, 0.0, 0.11494252873563218, -0.22988505747126436, 0.0, 0.10344827586206895, -0.2068965517241379, 0.0, 0.09195402298850575, -0.1839080459770115, 0.0, 0.08045977011494254, -0.16091954022988508, 0.0, 0.06896551724137928, -0.13793103448275856, 0.0, 0.05747126436781608, -0.11494252873563215, 0.0, 0.04597701149425287, -0.09195402298850575, 0.0, 0.03448275862068967, -0.06896551724137934, 0.0, 0.022988505747126464, -0.04597701149425293, 0.0, 0.01149425287356326, -0.02298850574712652, 0.0, 0.0, 0.0, 0.0]]}, "special_points": {"G": {"__ndarray__": [[3], "float64", [0.0, 0.0, 0.0]]}, "A": {"__ndarray__": [[3], "float64", [0.0, 0.0, 0.5]]}, "H": {"__ndarray__": [[3], "float64", [0.3333333333333333, 0.3333333333333333, 0.5]]}, "K": {"__ndarray__": [[3], "float64", [0.3333333333333333, 0.3333333333333333, 0.0]]}, "L": {"__ndarray__": [[3], "float64", [0.5, 0.0, 0.5]]}, "M": {"__ndarray__": [[3], "float64", [0.5, 0.0, 0.0]]}, "Kpt0": {"__ndarray__": [[3], "float64", [0.3333333333333333, -0.6666666666666666, 0.0]]}}, "labelseq": "Kpt0G", "cell": {"array": {"__ndarray__": [[3, 3], "float64", [1.592, -2.7574248856496526, 0.0, 1.592, 2.7574248856496526, 0.0, 0.0, 0.0, 43.127]]}, "__ase_objtype__": "cell"}, "__ase_objtype__": "bandpath"}, "energies": {"__ndarray__": [[1, 30, 26], "float64", [-64.92997582259993, -39.207595723210716, -39.166564374185434, -39.05082062031833, -15.98777596840826, -15.886760649382099, -9.386672314473362, -8.587185370383411, -8.088266791372147, -7.571276331174033, -6.903933383464309, -6.168376059710843, -4.06083408146626, -2.3992027461834353, -0.9966275216448812, -0.542524113227736, 0.7720283239692657, 3.1571710451893744, 3.5615822292773545, 5.5386294156065325, 6.354873580348195, 7.076921773361855, 7.567509534621969, 7.600056630767436, 7.988599935657018, 8.600601972142469, -64.93006099197098, -39.21062697319128, -39.16262546940668, -39.05096945289824, -15.992508438358938, -15.889304044033778, -9.378044707544166, -8.632691748150139, -8.041217678411629, -7.560872583639642, -6.916130092184694, -6.154114943256095, -4.075041813454887, -2.3818442091124, -0.9916652987051431, -0.5592423607966004, 0.7632713558785564, 3.135531176668087, 3.6079742789377, 5.516487003796013, 6.313483598988694, 7.035406125164101, 7.527463728652607, 7.593991635448281, 7.725744379424878, 7.92927623778926, -64.93029728741084, -39.21690927418243, -39.153484532190724, -39.0514354236528, -16.007468885587578, -15.89711050799922, -9.351499366031398, -8.730876511963151, -7.934952227724766, -7.532900762285848, -6.950779580259505, -6.112354777974225, -4.1172589364871435, -2.3314446799779818, -0.9793486368279314, -0.6103511193776995, 0.7390018375277888, 3.1094523261095905, 3.7093385567915496, 5.448415379790948, 6.1949962107257175, 6.9004019487657935, 7.465966189704316, 7.501286427252839, 7.632186987199797, 7.8019972374138815, -64.93072026847301, -39.22329394403547, -39.1421383285204, -39.05224981138966, -16.033690711474573, -15.910455486194174, -9.306344960309923, -8.837371762058876, -7.8176489405108756, -7.483852416455058, -7.001495400378148, -6.048251608025363, -4.183143692438007, -2.254867756568056, -0.9638674771039439, -0.6946800008521641, 0.7027827148722473, 3.111430487017285, 3.8318146615614195, 5.338515078847266, 6.021024606640053, 6.690601391669147, 7.178895262586739, 7.23869709118243, 7.45177079353839, 7.711604204069229, -64.93131436662502, -39.228380182885566, -39.1298554079077, -39.05343165006022, -16.071809455633375, -15.929371026066788, -9.242283204368833, -8.9333911181565, -7.72169398309041, -7.401245932502322, -7.060622904118403, -5.9684275058742084, -4.265358082103806, -2.1626285246633774, -0.9496567177297843, -0.8074459184481625, 0.6587608232448467, 3.149132038419861, 3.962063973759858, 5.195859390550893, 5.818627448759594, 6.447508030276298, 6.745771789573784, 6.824188051225402, 7.195148077282945, 7.479022715944933, -64.93210660940136, -39.23155699975827, -39.1171718729979, -39.0549968897169, -16.122183311030945, -15.95377415312625, -9.159398321475308, -9.011651909270295, -7.661881023219278, -7.279681535282142, -7.121696524627351, -5.878563921139688, -4.35605552113179, -2.066452449939352, -0.9411942269260472, -0.9409275699639359, 0.6110676000903662, 3.220350194688387, 4.090887332224169, 5.02944270259346, 5.613222245308807, 6.196252275493622, 6.337171308254998, 6.454378456190397, 6.621392829790628, 6.829228204921072, -64.93310822493223, -39.232515547674225, -39.10435761420914, -39.056955131414234, -16.18472833382451, -15.983424420125473, -9.069279381670938, -9.05813225532067, -7.63115053138901, -7.179855348370823, -7.13211693874256, -5.782979571802018, -4.448266157059043, -1.9779969471341405, -1.0850590418996608, -0.9425268676255871, 0.5632672452785297, 3.319011274177479, 4.203703344674656, 4.845857219931987, 5.431150363787446, 5.939990053228368, 5.96638609939951, 6.117015507814914, 6.222990876381827, 6.487663828234694, -64.9342997898427, -39.23108311356989, -39.09158038746246, -39.059304420843674, -16.25889612377208, -16.017911806812258, -9.105494897388635, -8.93926107516784, -7.619770250662966, -7.231508673648678, -6.972858762110481, -5.684952453861856, -4.53644986653933, -1.909025539898401, -1.2273610167792048, -0.956714391012459, 0.5177514988884224, 3.4367696668557315, 4.2734964947986, 4.649468381927072, 5.303227997083357, 5.617101314663241, 5.658138556961604, 5.834593479427633, 5.889549010452329, 6.1655318340714675, -64.93567206559572, -39.227184828869795, -39.07896129709262, -39.06203645057237, -16.34380619736589, -16.05672461635929, -9.12083040721748, -8.803891720740966, -7.623328342637493, -7.273942899032425, -6.810170481910976, -5.587061391103392, -4.616622454439498, -1.8725172493153863, -1.3520114825307201, -0.9852726846196167, 0.4751381179426022, 3.560789982687257, 4.272514412919272, 4.4434738365817825, 5.218735803031327, 5.311084186752591, 5.350990899926227, 5.594755982416571, 5.600675471294272, 5.879288597211574, -64.93724279239443, -39.22082181649818, -39.06660194875627, -39.065136052112905, -16.43831627939997, -16.099314983020438, -9.116827640798641, -8.653470056439343, -7.6401132959215134, -7.305011479937665, -6.648935106539852, -5.491448013725942, -4.686333841983337, -1.8807249111949413, -1.4419015835148767, -1.027948570437466, 0.4341307099103653, 3.6628497112687843, 4.222662874484189, 4.230814009717317, 4.946873026885344, 5.04375634918285, 5.147764729311534, 5.368187741741525, 5.430914877460738, 5.64970769661315, -64.93898304929495, -39.21204815120423, -39.06857986416268, -39.05457745403089, -16.540952175064067, -16.145013436070567, -9.095955608231716, -8.489817177843086, -7.6686684262428875, -7.322899540848462, -6.492940543797316, -5.399940517411274, -4.744371205867459, -1.931077584011367, -1.4929134413038445, -1.0828355502182416, 0.3918645985965103, 3.6797955967833125, 4.01451191543621, 4.215888362140564, 4.646069235242521, 4.74688411230004, 4.892272530872796, 5.1158828038758335, 5.317248024913421, 5.48108788897755, -64.94088692800918, -39.2009793705891, -39.072337281785, -39.04295584214595, -16.650122510874603, 